<?xml version="1.0" encoding="utf-8"?>
<openerp>
	<data>
		<!--Define a workflow-->
		<record id="wkf_leave" model="workflow">
			<field name="name">leave.application.workflow</field>
			<field name="osv">leave.application</field>
			<field name="on_create">True</field>
		</record>
		
		<!--Activities -->
		<record id="act_draft" model="workflow.activity">
			<field name="wkf_id" ref="wkf_leave"/>
			<field name="name">leave_draft</field>
			<field name="flow_start" eval="True"/>
		</record>

		<record id="act_applied" model="workflow.activity">
			<field name="wkf_id" ref="wkf_leave"/>
			<field name="name">leave_applied</field>
			<field name="kind">function</field>
			<field name="action">applyleave()</field>
		</record>
		
		<record id="act_approve" model="workflow.activity">
			<field name="wkf_id" ref="wkf_leave"/>
			<field name="name">leave_approve</field>
			<field name="kind">function</field>
			<field name="action">approve()</field>
			<field name="flow_stop">True</field>
		</record>
		
		<record id="act_reject" model="workflow.activity">
			<field name="wkf_id" ref="wkf_leave"/>
			<field name="name">leave_reject</field>
			<field name="kind">function</field>
			<field name="action">reject()</field>
			<field name="flow_stop">True</field>
		</record>		
		
		<!-- Workflow Transitions -->

    <record model="workflow.transition" id="leave_draft2applied"> 
        <field name="act_from" ref="act_draft" />
        <field name="act_to" ref="act_applied" />
    </record>

    <record model="workflow.transition" id="leave_applied2approve"> 
        <field name="act_from" ref="act_applied" />
        <field name="act_to" ref="act_approve" />
        <field name="signal">approve</field>
    </record>

    <record model="workflow.transition" id="leave_applied2reject">
        <field name="act_from" ref="act_applied" />
        <field name="act_to" ref="act_reject" />
        <field name="signal">reject</field>
    </record>
</data>
</openerp>
