<?xml version="1.0" encoding="utf-8"?>
<openerp>
	<data>
		<record id="leave_employees_action" model="ir.actions.act_window">
			<field name="name">Employees</field>
			<field name="res_model">leave.employees</field>
			<field name="view_type">form</field>
			<field name="view_mode">form,tree</field>
			<field name="help" type="html">
				<p class="oe_view_nocontent_create">Click to create new Employee</p>
			</field>
		</record>


		<record id="leave_leavetypes_action" model="ir.actions.act_window">
			<field name="name">Leave Types</field>
			<field name="res_model">leave.leave.type</field>
			<field name="view_type">form</field>
			<field name="view_mode">form,tree</field>
			<field name="help" type="html">
				<p class="oe_view_nocontent_create">Click to create new Leave type</p>
			</field>
		</record>

		<record id="leave_empleaves_action" model="ir.actions.act_window">
			<field name="name">Employees Leaves</field>
			<field name="res_model">leave.employee.leave</field>
			<field name="view_type">form</field>
			<field name="view_mode">form,tree</field>
			<field name="help" type="html">
				<p class="oe_view_nocontent_create">Click to assign leave to employee</p>
			</field>
		</record>


		<record id="leave_applyleave_action" model="ir.actions.act_window">
			<field name="name">Employees Leave Application</field>
			<field name="res_model">leave.application</field>
			<field name="view_type">form</field>
			<field name="view_mode">form,tree</field>
			<field name="help" type="html">
				<p class="oe_view_nocontent_create">Click to assign leave to employee</p>
			</field>
		</record>

		<record id="leave_view_leave_request_action" model="ir.actions.act_window">
			<field name="name">Leave Request Tree</field>
			<field name="res_model">leave.application</field>
			<field name="view_mode">tree,form</field>
		</record>	

        <record model="ir.ui.view" id="view_leave_request_tree_view">
            <field name="name">Leave Tree View</field>
            <field name="model">leave.application</field>
            <field name="arch" type="xml">
                <tree string="Leave Application">
                    <field name="empno"/>
                    <field name="startdate"/>
                    <field name="enddate" />
                    <field name="leave_type"/>
					<field name="reason"/>
					<field name="state"/>
                </tree>
            </field>
        </record>
		
		<record id="leave_employees_form_view" model="ir.ui.view">
			<field name="name">Employees Form</field>
			<field name="model">leave.employees</field>
			<field name="arch" type="xml">
                <form string="employee form">
                    <sheet>
                        <group>
                            <field name="empno"/>
                            <field name="empname"/>
							<field name="deptno" widget="selection"/>
							<field name='job'/>
							<field name="skill_ids" widget="many2many_tags"/>
							<field name='salary'/>
							
							<field name="joindate"/>
							<!--field name="emp_id"/-->
                        </group>
                    </sheet>
                </form>

			</field>
		</record>
		
		<record id="leave_leave_leavetype_form_view" model="ir.ui.view">
			<field name="name">Leave Type Form</field>
			<field name="model">leave.leave.type</field>
			<field name="arch" type="xml">
				<form string="Leave types" >
					<header>
					</header>
					<sheet>
						<group>
							<field name="name"/>
							<field name="leavedescription"/>
						</group>
					</sheet>
				</form>
			</field>
		</record>
		
		<record id="leave_leave_employees_form_view" model="ir.ui.view">
			<field name="name">Leave Assignment</field>
			<field name="model">leave.employee.leave</field>
			<field name="arch" type="xml">
				<form string="Employees Leave">
					<header>
					</header>
					<sheet>
						<group>
							<field name="empno"/>
							<field name="leave_type_code"/>
							<field name="no_of_days"/>
							<field name="leave_taken"/>
							<field name="leave_balance"/>
						</group>
					</sheet>
				</form>
			</field>
		</record>

		
		<record id="leave_applyleave_form_view" model="ir.ui.view">
			<field name="name">Leave Application Form</field>
			<field name="model">leave.application</field>
			<field name="arch" type="xml">
				<form string="Leave Application">
					<header>
						<button string="Approve" name="approve" type="workflow" class="oe_highlight" states="applied"/>
						<button string="Reject" name="reject" type="workflow" class="oe_highlight" states="applied"/>
						
						<field name='state' widget='statusbar' statusbar_visible='draft,applied,approved,rejected'/>
					</header>
					<sheet class="oe_sheet_background">
						<group>
							<field name="empno"/>
							<field name="startdate" on_change="onchange_date(startdate,enddate)"/>
							<field name="enddate" on_change="onchange_date(startdate,enddate)"/>
							<field name="no_of_days"/>
							<field name="leave_type"/>
							<field name="reason"/>
						</group>
					</sheet>
				</form>
			</field>
		</record>
		
		
		<menuitem id="leave_root" name="Leave" />
		<menuitem id="leave_menu" name="Leave" parent="leave_root"  />

		<menuitem id="leave_config_menu" name="Configuration" parent="leave_menu"/>
		<menuitem id="leave_employee_menu" name="Employees" parent="leave_config_menu" action="leave_employees_action"/>
		<menuitem id="leave_leavetype_menu" name="Leave Types" parent="leave_config_menu" action="leave_leavetypes_action"/>
		<menuitem id="leave_empleaves_menu" name="Employee Leaves" parent="leave_config_menu" action="leave_empleaves_action"/>
		
		<menuitem id="leave_leavemanagement_menu" name="Leave Management" parent="leave_menu"  />
		<menuitem id="leave_applyleave_menu" name="Apply Leave" parent="leave_leavemanagement_menu" action="leave_applyleave_action"/>
		<menuitem id="leave_view_leave_request_menu" name="View Leave Requests" parent="leave_leavemanagement_menu" action="leave_view_leave_request_action"/>
	</data>
</openerp>
