<?xml version="1.0"?>
<openerp>
    <data>
        
		<!--Action for Your Orders-->
        <record model="ir.actions.act_window" id="action_employee_form">
            <field name="name">Employee</field>
            <field name="res_model">hrms.employee</field>
            <field name="view_mode">form,tree</field>
        </record>
		<record model="ir.actions.act_window" id="action_department_form">
            <field name="name">Department</field>
            <field name="res_model">hrms.department</field>
            <field name="view_mode">form,tree</field>
        </record>
		
		<record model="ir.actions.act_window" id="action_skills_form">
            <field name="name">Skills</field>
            <field name="res_model">hrms.skills</field>
            <field name="view_mode">form,tree</field>
        </record>
        
       

         
        <!--view for alerts-->
        <record model="ir.ui.view" id="employee_tree_view">
            <field name="name">employee tree</field>
            <field name="model">hrms.employee</field>
            <field name="arch" type="xml">
                <tree string="employee tree">
                    <field name="empno"/>
                    <field name="empname"/>
					<field name="deptno"/>
                    <field name='job'/>
					<field name="skill_ids"/>
                    <field name='salary'/>
                </tree>
            </field>
        </record>
		
		<record model="ir.ui.view" id="department_tree_view">
            <field name="name">department tree</field>
            <field name="model">hrms.department</field>
            <field name="arch" type="xml">
                <tree string="department tree">
                    <field name="deptno"/>
                    <field name="deptname"/>
				</tree>
            </field>
        </record>
		
		<record model="ir.ui.view" id="skills_tree_view">
            <field name="name">skills tree</field>
            <field name="model">hrms.skills</field>
            <field name="arch" type="xml">
                <tree string="skills tree">
                    <field name="name"/>
                    <field name="skill_description"/>
				</tree>
            </field>
        </record>
		
		
		
		<record model="ir.ui.view" id="employee_form_view">
            <field name="name">employee form</field>
            <field name="model">hrms.employee</field>
            <field name="arch" type="xml">
                <form string="employee form">
                    <sheet>
                        <group>
                            <field name="empno"/>
                            <field name="empname"/>
							<field name="deptno" widget="selection"/>
							<field name='job'/>
							<field name="skill_ids" widget="many2many_tags"/>
							<field name='salary'/>
                        </group>
                    </sheet>
                </form>
            </field>
        </record>
		
		<record model="ir.ui.view" id="department_form_view">
            <field name="name">department form</field>
            <field name="model">hrms.department</field>
            <field name="arch" type="xml">
                <form string="department form">
                    <sheet>
                        <group>
                            <field name="deptno"/>
                            <field name="deptname"/>
                        </group>
                    </sheet>
                </form>
            </field>
        </record>
		
		<record model="ir.ui.view" id="skills_form_view">
            <field name="name">skills form</field>
            <field name="model">hrms.skills</field>
            <field name="arch" type="xml">
                <form string="skills form">
                    <sheet>
                        <group>
                            <field name="name"/>
                            <field name="skill_description"/>
                        </group>
                    </sheet>
                </form>
            </field>
        </record>
		
		
		<!-- Top menu item -->
        <menuitem id='menu_hrms' name='hrms'/>
        <menuitem name="hrms" parent="menu_hrms" id="menu_hrms_title"/>
		<menuitem name="Employee" parent="menu_hrms_title" id="menu_employee_form" action="action_employee_form"/>
		<menuitem name="Department" parent="menu_hrms_title" id="menu_department_form" action="action_department_form"/>
		<menuitem name="Skills" parent="menu_hrms_title" id="menu_skills_form" action="action_skills_form"/>
        <menuitem name="Configuration" parent="menu_hrms" id="menu_hrms_config"/>
		

    </data>
</openerp>
