<templates>
	<t t-name="employee">
		<div>
			<h1>Employee Page</h1>
			<table>
				<tr>
					<td>Employee Number </td>
					<td><input type="text" id="employeeid"/></td>
				</tr>
				<tr>
					<td>Employee Name</td>
					<td><input type="text" id="employeenameid"/></td>
				</tr>
				<tr>
					<td>Department Name </td>
					<td>
						<select id="departmentselect">
						</select>
					</td>
				</tr>
				<tr>
					<td colspan="2">
						<input type="button" id="Insertid" value="Insert"/>
					</td>
				</tr>
			</table>
		</div>
	</t>
	<t t-name="department">
		<div>
			<h1>Department Page</h1>
			<t t-esc="name"/>
		</div>
	</t>
</templates>