<openerp>
    <data>
        <menuitem id="categoryMenu" name="Category" sequence="100"/>
        <menuitem id="categorysubMenu" name="Category" parent="categoryMenu" sequence="1"/>
        <record model="ir.actions.act_window" id="categoryAction">
            <field name="name">Category</field>
            <field name="res_model">category</field>
            <field name="view_mode">tree,form</field>
        </record>
        <menuitem id="categoryChildSubMenu" name="Category" parent="categorysubMenu" sequence="1" action="categoryAction"/>
    </data>
</openerp>