<openerp>
	<data>
		<menuitem id="department_employee_menu" name="Company" sequence="100"/>
		<!-- <menuitem id="department_menu" name="Department" parent="department_employee_menu" sequence="1"/> --> 
		<!-- Action for department -->
		<!-- <record model="ir.actions.act_window" id="department_action">
			<field name="name">Department</field>
			<field name="res_model">qwebdemo.department</field>
			<field name="view_mode">tree,form</field>
		</record> -->
		<!-- <menuitem id="department_submenu" name="Department" parent="department_menu" sequence="1" action="department_action"/> -->
		 <menuitem id="employee_menu" name="Employee" parent="department_employee_menu" sequence="4"/>  
		<!-- Action for employee -->
		<record model="ir.actions.act_window" id="employee_action">
			<field name="name">Employee</field>
			<field name="res_model">qwebdemo.employee</field>
			<field name="view_mode">tree,form,kanban</field>
		</record>
		<menuitem id="employee_submenu" name="Employee" parent="employee_menu" sequence="1" action="employee_action"/> -
		<record model="ir.ui.view" id="employee_form_view">
			<field name="name">Employee Form</field>
			<field name="model">qwebdemo.employee</field>
			<field name="arch" type="xml">
				<form version="7.0" string="formview">
					<sheet>
					<group>
						<field name="employee_number"/>
						<field name="employee_name"/>
						<field name="employee_department_number"/>
						<field name="image"/>
						</group>
					</sheet>
				</form>
			</field>
		</record>
		<menuitem id="department_qweb" name="Department" parent="department_employee_menu" sequence="1"/>
		<!-- Action for Qweb  -->
		<record model="ir.actions.client" id="department_client_action">
			<field name="name">qweb</field>
			<field name="tag">department.tag</field>
		</record>
		<menuitem id="deparment_qweb_submenu" name="Department" parent="department_qweb" sequence="1" action="department_client_action"/>
		
		<menuitem id="employee_qweb" name="Employee" parent="department_employee_menu" sequence="2"/>
		<!-- Action for Qweb  -->
		<record model="ir.actions.client" id="employee_client_action">
			<field name="name">qweb</field>
			<field name="tag">employee.tag</field>
		</record>
		<menuitem id="employee_qweb_submenu" name="Employee" parent="employee_qweb" sequence="3" action="employee_client_action"/>
		<!-- Action for employee display in qweb -->
		<menuitem id="get_employees_menu" name="GetEmployees" parent="department_employee_menu" sequence="3"/>
		<record model="ir.actions.client" id="display_employee_action">
			<field name="name">qweb</field>
			<field name="tag">displayemployee.tag</field>
		</record>
		<menuitem id="get_employees_submenu" name="GetEmployees" parent="get_employees_menu" sequence="1" action="display_employee_action"/>
		<record model="ir.ui.view" id="employee_kanban">
			<field name="name">Employee Kanban</field>
			<field name="model">qwebdemo.employee</field>
			<field name="type">kanban</field>
			<field name="arch" type="xml">
			<kanban>
				<templates>
					<t t-name="kanban-box">
						<div>
							<ul>
								<li><a type="open">
										<img t-att-src="kanban_image('qwebdemo.employee','image',record.id.value)" class="kanban_img"/>
										</a></li>
							</ul>
						</div>
						<div class="divemp">
							<ul>
									<li><field name="employee_number"/></li>
									<li><field name="employee_name"/></li>
									<li><field name="employee_department_number"/></li>
						</ul>
						</div>
					</t>
				</templates>
			</kanban>
			</field>
		</record>
	</data>
</openerp>