<templates>
	<t t-name="employees">
		<table>
			<t t-foreach="employees_list" t-as="employee">
				<tr>
					<td>
						<t t-esc="employee['employee_name']"/>
					</td>
				</tr>
			</t>
		</table>
		<input type="button" value="Write Data" id="excel_write"/>
		<input type="button" value="Read Data" id="excel_read"/>
	</t>
	<t t-name="departments">
		<table>
			<t t-foreach="department_list" t-as="dept">
				<tr>
				   <t t-foreach="dept" t-as="d">
					<td>
						<t t-esc="d"/>
					</td>
					</t>
				</tr>
			</t>
		</table>
	</t>
</templates>