<openerp>
	<data>
		<menuitem id="department_employee_menu" name="Company" sequence="100"/>
		<!-- <menuitem id="department_menu" name="Department" parent="department_employee_menu" sequence="1"/> --> 
		<!-- Action for department -->
		<!-- <record model="ir.actions.act_window" id="department_action">
			<field name="name">Department</field>
			<field name="res_model">qwebdemo.department</field>
			<field name="view_mode">tree,form</field>
		</record> -->
		<!-- <menuitem id="department_submenu" name="Department" parent="department_menu" sequence="1" action="department_action"/> -->
		<!-- <menuitem id="employee_menu" name="Employee" parent="department_employee_menu" sequence="2"/> --> 
		<!-- Action for employee -->
		<!-- <record model="ir.actions.act_window" id="employee_action">
			<field name="name">Employee</field>
			<field name="res_model">qwebdemo.employee</field>
			<field name="view_mode">tree,form</field>
		</record>
		<menuitem id="employee_submenu" name="Employee" parent="employee_menu" sequence="1" action="employee_action"/> -->
		<menuitem id="department_qweb" name="Department" parent="department_employee_menu"/>
		<!-- Action for Qweb  -->
		<record model="ir.actions.client" id="department_client_action">
			<field name="name">qweb</field>
			<field name="tag">department.tag</field>
		</record>
		<menuitem id="deparment_qweb_submenu" name="Department" parent="department_qweb" sequence="1" action="department_client_action"/>
		
		<menuitem id="employee_qweb" name="Employee" parent="department_employee_menu"/>
		<!-- Action for Qweb  -->
		<record model="ir.actions.client" id="employee_client_action">
			<field name="name">qweb</field>
			<field name="tag">employee.tag</field>
		</record>
		<menuitem id="employee_qweb_submenu" name="Employee" parent="employee_qweb" sequence="1" action="employee_client_action"/>
	</data>
</openerp>