<openerp>
    <data>
        <menuitem id="storeMenu" name="Store" sequence="100"/>
        <menuitem id="categorySubMenu" name="Category" parent="storeMenu" sequence="1"/>
        <menuitem id="productSubMenu" name="Product" parent="storeMenu" sequence="2"/>
		<record model="ir.actions.act_window" id="categoryAction">
            <field name="name">Category</field>
            <field name="res_model">category</field>
            <field name="view_mode">tree,form</field>
        </record>
		<record model="ir.ui.view" id="category_tree_view">
			<field name="name">CategoryTree</field>
			<field name="model">category</field>
			<field name="arch" type="xml">
				<tree string="CategoryTree">
					<field name="category_code"/>
					<field name="category_name"/>
					<field name="category_ref"/>
				</tree>
			</field>
		</record>
		<record model="ir.ui.view" id="category_form_view">
			<field name="name">CategoryForm</field>
			<field name="model">category</field>
			<field name="arch" type="xml">
				<form string="categoryForm" version="7.0">
					<sheet>
						<group>
							<field name="category_code"/>
							<field name="category_name"/>
						</group>
						<group>
							<field name="category_ref"/>
						</group>
					</sheet>
				</form>
			</field>
		</record>
        <menuitem id="categoryChildSubMenu" name="Category" parent="categorySubMenu" sequence="1" action="categoryAction"/>
		<record model="ir.actions.act_window" id="productAction">
			<field name="name">Product</field>
			<field name="res_model">product</field>
			<field name="view_mode">tree,form</field>
		</record>
		<record model="ir.ui.view" id="product_tree_view">
			<field name="name">Product</field>
			<field name="model">product</field>
			<field name="arch" type="xml">
				<tree string="productTree">
					<field name="product_code"/>
					<field name="product_name"/>
				</tree>
			</field>
		</record>
		<menuitem id="productChildSubMenu" name="Product" parent="productSubMenu" sequence="1" action="productAction"/>
    </data>
</openerp>