<templates>
	<t t-name="employee">
		<div>
			<h1>Employee Page</h1>
			<table>
				<tr>
					<td>Employee Number </td>
					<td><input type="text" id="employeeid"/></td>
				</tr>
				<tr>
					<td>Employee Name</td>
					<td><input type="text" id="employeenameid"/></td>
				</tr>
				<tr>
					<td>Department Name </td>
					<td>
						<select id="departmentselect">
						</select>
					</td>
				</tr>
				<tr>
					<td colspan="2">
						<input type="button" id="Insertid" value="Insert"/>
					</td>
				</tr>
			</table>
		</div>
	</t>
	<t t-name="department">
		<div>
			<h1>Department Page</h1>
			<t t-esc="name"/>
		</div>
	</t>
	<t t-name="employees_department">
	<h1>Employee Details</h1>
		Department Name 
		<select id="departmentselection">
		</select>
		<input type="button" id="getdetailsid" value="Get Employees"/>
		
	</t>
	<t t-name="display_employees">
	<div id="emp">
	<span id="empdet" style="{display:none}">
		Employee Details
	</span>
	<div class="divtable">
	<table border="2" class="emptable">
		<thead>
			<th>Employee Number</th>
			<th>Employee Name</th>
		</thead>
		<tbody>
			<t t-foreach="employees" t-as="employee">
				<tr class="emp_record" t-att-empid="employee['id']">
					<td>
						<t t-esc="employee['employee_number']"/>
					</td>
					<td>
						<t t-esc="employee['employee_name']"/>
					</td>
				</tr>
			</t>
			</tbody>
		</table>
		</div>
		<script src="/qwebdemo/static/src/js/jquery.dataTables.js"></script>
		<link rel="stylesheet" href="/qwebdemo/static/src/css/jquery.dataTables.min.css"></link>
		<script>
			$(".emptable").dataTable();
		</script>
		</div>
	</t>
</templates>