<?xml version="1.0" encoding="UTF-8"?>
<openerp>
	<data>
        
		<record model="ir.ui.view" id="shopping_orders_search_view">
            <field name="name">Search</field>
            <field name="model">shopping.order</field>
            <field name="arch" type="xml">
                <search string="Search">
                    <filter name="new" string="New" domain="[('state','=',('new'))]"/>
                    <filter name="confirmed" string="Confirmed" domain="[('state','=','confirm')]"/>
                    <filter name="cancelled" string="Cancelled" domain="[('state','=','cancelled')]"/>
                    <separator/>
                    <group expand="1" string="Group By...">
                        <filter name="group_by_date" string="By Date" context="{'group_by': 'orderdate'}"/>
                    </group>
                </search>
            </field>
        </record>
		<record id="shopping_customers_action" model="ir.actions.act_window">
			<field name="name">Customers</field>
			<field name="res_model">shopping.customer</field>
			<field name="view_type">form</field>
			<field name="view_mode">tree,form</field>
			<field name="help" type="html">
				<p class="oe_view_nocontent_create">Click to create new customer</p>
			</field>
		</record>
		
		<record id="shopping_neworder_action" model="ir.actions.act_window">
			<field name="name">New Order</field>
			<field name="res_model">shopping.order</field>
			<field name="view_type">form</field>
			<field name="view_mode">form</field>
			<field name="help" type="html">
				<p class="oe_view_nocontent_create">Click to create new order</p>
			</field>
		</record>

		<record id="shopping_suppliers_action" model="ir.actions.act_window">
			<field name="name">Suppliers</field>
			<field name="res_model">shopping.supplier</field>
			<field name="view_type">form</field>
			<field name="view_mode">tree,form</field>
			<field name="help" type="html">
				<p class="oe_view_nocontent_create">Click to create new supplier</p>
			</field>
		</record>

		<record id="shopping_categories_action" model="ir.actions.act_window">
			<field name="name">Categories</field>
			<field name="res_model">shopping.category</field>
			<field name="view_type">form</field>
			<field name="view_mode">form,tree</field>
			<field name="help" type="html">
				<p class="oe_view_nocontent_create">Click to create new category</p>
			</field>
		</record>

		<record id="shopping_products_action" model="ir.actions.act_window">
			<field name="name">Products</field>
			<field name="res_model">shopping.product</field>
			<field name="view_type">form</field>
			<field name="view_mode">form,tree</field>
			<field name="help" type="html">
				<p class="oe_view_nocontent_create">Click to create new products</p>
			</field>
		</record>
		<record id="shopping_neworder_action" model="ir.actions.act_window">
			<field name="name">New Order</field>
			<field name="res_model">shopping.order</field>
			<field name="view_type">form</field>
			<field name="view_mode">form</field>
			<field name="help" type="html">
				<p class="oe_view_nocontent_create">Click to create new order</p>
			</field>
		</record>
		
		<!-- Ne -->
		
		<record id="shopping_vieworder_action" model="ir.actions.act_window">
			<field name="name">New Order</field>
			<field name="res_model">shopping.order</field>
			<field name="view_type">form</field>
			<field name="view_mode">tree,form</field>
			<field name="search_view_id" ref="shopping_orders_search_view"/>
			<field name="context">{"search_default_group_by_date":1}</field>
			<field name="help" type="html">
				<p class="oe_view_nocontent_create">Click to create new order</p>
			</field>
		</record>
		
	
		
		
		<record id="shopping_customers_form_view" model="ir.ui.view">
			<field name="name">Customer Form</field>
			<field name="model">shopping.customer</field>
			<field name="arch" type="xml">
				<form string="Customer" >
					<sheet>
						<group>
							<field name="name"/>
							<field name="contactperson"/>
							<field name="contactno"/>
							<field name="billingaddress"/>
							<field name="shippingaddress"/>
						</group>
					</sheet>
				</form>
			</field>
		</record>

		<record id="shopping_suppliers_form_view" model="ir.ui.view">
			<field name="name">Suppliers Form</field>
			<field name="model">shopping.supplier</field>
			<field name="arch" type="xml">
				<form string="Supplier" >
					<sheet>
						<group>
							<field name="name"/>
							<field name="contactperson"/>
							<field name="contactno"/>
							<field name="supplieraddress"/>
						</group>
					</sheet>
				</form>
			</field>
		</record>

		<record id="shopping_categories_form_view" model="ir.ui.view">
			<field name="name">Category Form</field>
			<field name="model">shopping.category</field>
			<field name="arch" type="xml">
				<form string="Category" >
					<sheet>
						<group>
							<field name="name"/>
							<field name="categorydescription"/>
						</group>
					</sheet>
				</form>
			</field>
		</record>

		<record id="shopping_products_form_view" model="ir.ui.view">
			<field name="name">Products Form</field>
			<field name="model">shopping.product</field>
			<field name="arch" type="xml">
				<form string="Product" >
					<sheet>
						<group>
							<field name="name"/>
							<field name="productdescription"/>
							<field name="unitprice"/>
							<field name="quantity_on_hand"/>
							<field name="category_id"/>
							<field name="supplier_ids"/>
							<field name="productimage" widget="image"/>
						</group>
					</sheet>
				</form>
			</field>
		</record>
		
		
		
		<record id="shopping_orders_tree_view" model="ir.ui.view">
			<field name="name">Order Tree</field>
			<field name="model">shopping.order</field>
			<field name="arch" type="xml">
				<tree string="Order Tree">
					<field name="customername"/>
					<field name="orderdate"/>
					<field name="order_item_ids"/>
					<field name="state"/>
					<field name="ordervalue"/>
					<button name="process_order" string="Confirm" type="object" icon="gtk-apply" attrs="{'invisible': [('state','!=','new')]}"  groups="shopping.group_shopping_manager"/>
					<button name="cancel_order" string="Cancel" type="object" icon="gtk-cancel" attrs="{'invisible': [('state','=','cancelled')]}" groups="shopping.group_shopping_manager"/>
				</tree>
			</field>
		</record>
		
		<record id="shopping_orders_form_view" model="ir.ui.view">
			<field name="name">New Order Form</field>
			<field name="model">shopping.order</field>
			<field name="arch" type="xml">
				<form string="New Order" >
					<header>
						<button string="Print PDF Report" name="print_shopping_order" type="object" icon="gtk-print" class="oe_highlight"/>
						<field name='state' widget='statusbar' statusbar_visible='new,confirmed'/>
					</header>
					<sheet>
						<group>
							<field name="customername" widget="selection"/>
							<field name="orderdate"/>
						</group>	
						<notebook>
							<page string="Select Order Items">
								<field name="order_item_ids"  >
									<tree string="Item List" editable="bottom">
										<field name="product_id" widget="selection"/>
										<field name="qty_ordered" />
										<field name="unitprice"/>
										<field name="linetotal"/>
									</tree>
								</field>		
							</page>	
						</notebook>		
						<h3 align="right"> Order Total: <field name="ordervalue" class="oe_inline"/> </h3>
					</sheet>
					
					
				</form>
			</field>
		</record>
		<template id="assets_backend" name="shopping_customer_orders" inherit_id="web.assets_backend">
            <xpath expr="." position="inside">
                <script type="text/javascript" src="/shopping/static/src/js/shopping_customer.js"/>
				<link rel="stylesheet" href="/shopping/static/src/css/web_example.css"/>
            </xpath>
        </template>
		<record model="ir.actions.client" id="shopping_customer_orders_action">
            <field name="name">Example</field>
            <field name="tag">customer.order.action</field>
        </record>
		<menuitem id="shopping_root" name="Shopping" />
	
		<menuitem id="shopping_menu" name="Configuration" parent="shopping_root" />
		<menuitem id="shopping_customers_menu" name="Customers" parent="shopping_menu" action="shopping_customers_action"/>
		<menuitem id="shopping_suppliers_menu" name="Suppliers" parent="shopping_menu" action="shopping_suppliers_action"/>
		<menuitem id="shopping_categories_menu" name="Categories" parent="shopping_menu" action="shopping_categories_action"/>
		<menuitem id="shopping_products_menu" name="Products" parent="shopping_menu" action="shopping_products_action"/>		

		<menuitem id="shopping_orders_menu" name="Orders" parent="shopping_root" />
		<menuitem id="shopping_neworder_menu" name="New Order" parent="shopping_orders_menu" action="shopping_neworder_action"/>
		<menuitem id="shopping_vieworder_menu" name="View Orders" parent="shopping_orders_menu" action="shopping_vieworder_action"/>
	
	    
        <menuitem id="shopping_report_menu" name="Reports" parent="shopping_root" />
        <menuitem id="shopping_customer_order_report_menu" name="Customer Orders" parent="shopping_report_menu" action="shopping_customer_orders_action"/> 		
	<!--
		<menuitem id="shopping_manage_orders_menu" name="Manage Orders" parent="shopping_root"/>
		<menuitem id="shopping_process_order_menu" name="Process Order" parent="shopping_manage_orders_menu" action="shopping_process_order_action"/>
		-->
	</data>
</openerp>