<?xml version="1.0" encoding="UTF-8"?>
<openerp>
	<data>
		<!--Employees menu action-->
		
		<record id="hrms_employees_action" model="ir.actions.act_window">
			<field name="name">Employees</field>
			<field name="res_model">hrms.employee</field>
			<field name="view_type">form</field>
			<field name="view_mode">tree,form</field>
		</record>

		<record id="hrms_departments_action" model="ir.actions.act_window">
			<field name="name">Departments</field>
			<field name="res_model">hrms.department</field>
			<field name="view_type">form</field>
			<field name="view_mode">tree,form</field>
			<field name="help" type="html">
				<p class="oe_view_nocontent_create">Click here to create new dept</p>
			</field>
		</record>
		
		<record id="hrms_skills_action" model="ir.actions.act_window">
			<field name="name">Skills</field>
			<field name="res_model">hrms.skills</field>
			<field name="view_type">form</field>
			<field name="view_mode">tree,form</field>
			<field name="help" type="html">
				<p class="oe_view_nocontent_create">Click here to create new Skill</p>
			</field>
		</record>

		<record id="hrms_employees_tree_view" model="ir.ui.view">
			<field name="name">Employees</field>
			<field name="model">hrms.employee</field>
			<field name="arch" type="xml">
				<tree string="Employees">
					<field name="empno"/>
					<field name="empname"/>
					<field name="salary"/>
					<field name="job"/>
					<field name="joindate"/>
					<field name="deptno_id"/>
					<field name="photo" widget="image"/>
				</tree>
			</field>
		</record>
		
		<record id="hrms_employees_search_view" model="ir.ui.view">
			<field name="name">Employees.Search</field>
			<field name="model">hrms.employee</field>
			<field name="arch" type="xml">
				<search string="Employee Search">
					<filter name="java_skill" string="Java" domain="[('skill_ids','=','Java')]"/>
					<filter name="hibernate_skill" string="Hibernate" domain="[('skill_ids','=','Hibernate')]"/>
					<filter name="jdbc_skill" string="JDBC" domain="[('skill_ids','=','JDBC')]"/>
					<field name="job"/>
					<group string="Group By">
						<filter name="deptno_group" string="Deptno" context="{'group_by' : 'deptno_id'}"/>
						<filter name="job_group" string="Designation" context="{'group_by' : 'job'}"/>
					</group>
				</search>
			</field>
		</record>

		<record id="hrms_departments_tree_view" model="ir.ui.view">
			<field name="name">Departments</field>
			<field name="model">hrms.department</field>
			<field name="arch" type="xml">
				<tree string="Departments">
					<field name="deptno"/>
					<field name="deptname"/>
				</tree>
			</field>
		</record>

		<record id="hrms_skills_tree_view" model="ir.ui.view">
			<field name="name">Skills Tree</field>
			<field name="model">hrms.skills</field>
			<field name="arch" type="xml">
				<tree string="Skills">
					<field name="skillid"/>
					<field name="skilldesc"/>
				</tree>
			</field>
		</record>
		
		<record id="hrms_employees_form_view" model="ir.ui.view">
			<field name="name">Employees</field>
			<field name="model">hrms.employee</field>
			<field name="arch" type="xml">
				<form string="Employees" version="7.0">
					<header>
					</header>
					<sheet>
						<h2> Add a new Employee</h2>
						<group>
							<field name="empno"/>
							<field name="empname"/>
							<field name="salary"/>
							<field name="job"/>
							<field name="joindate"/>
							<field name="deptno_id"/>
							<field name="skill_ids" widget="many2many_tags" options="{'no_quick_create' : True}"/>
							<field name="photo" widget="image"/>
						</group>
					</sheet>
				</form>
			</field>
		</record>
		
		<menuitem id="hrms_menu_root" name="HRMS"/>
		<menuitem id="hrms_menu" name="HRMS" parent="hrms_menu_root"/>
		<menuitem id="hrms_employees_menu" name="Employees" parent="hrms_menu" action="hrms_employees_action"/>
		<menuitem id="hrms_departments_menu" name="Departments" parent="hrms_menu" action="hrms_departments_action"/>
		<menuitem id="hrms_skills_menu" name="Skills" parent="hrms_menu" action="hrms_skills_action"/>
	</data>
</openerp>