<openerp>
    <data>
        <menuitem id="storeMenu" name="Store" sequence="100"/>
        <menuitem id="categorySubMenu" name="Category" parent="storeMenu" sequence="1"/>
        <menuitem id="productSubMenu" name="Product" parent="storeMenu" sequence="2"/>
		<record model="ir.actions.act_window" id="categoryAction">
            <field name="name">Category</field>
            <field name="res_model">category</field>
            <field name="view_mode">tree,form</field>
        </record>
		<record model="ir.ui.view" id="category_tree_view">
			<field name="name">CategoryTree</field>
			<field name="model">category</field>
			<field name="arch" type="xml">
				<tree string="CategoryTree">
					<field name="category_code"/>
					<field name="category_name"/>
					<field name="category_ref"/>
				</tree>
			</field>
		</record>
		<record model="ir.ui.view" id="category_form_view">
			<field name="name">CategoryForm</field>
			<field name="model">category</field>
			<field name="arch" type="xml">
				<form string="categoryForm" version="7.0">
					<sheet>
						<group>
							<field name="category_code"/>
							<field name="category_name"/>
						</group>
						<group>
							<field name="category_ref">
								<tree string="producttree" editable="bottom">
									<field name="product_code"/>
									<field name="product_name"/>
									<field name="product_price"/>
								</tree>
							</field>
						</group>
					</sheet>
				</form>
			</field>
		</record>
        <menuitem id="categoryChildSubMenu" name="Category" parent="categorySubMenu" sequence="1" action="categoryAction"/>
		
		
		<record model="ir.actions.act_window" id="productAction">
			<field name="name">Product</field>
			<field name="res_model">product</field>
			<field name="view_mode">tree,form,search,graph</field>
			<!--<field name="search_view_id" ref="product_search_view"/>-->
			<field name="context">{"search_default_group_by_category":1}</field>
		</record>
		<!-- Product Search View -->
		<record model="ir.ui.view" id="product_search_view">
			<field name="name">Product Search By Category</field>
			<field name="model">product</field>
			<field name="arch" type="xml">
				<search string="productsearch">
					<filter name="specificcategorysearch" string="Search Category C01" domain="[('product_category_code','=','C01')]"/>
					<group string="Group By...">
						<filter name="group_by_category" string="By Category" context="{'group_by':'product_category_code'}"/>
					</group>
				</search>
			</field>
		</record>
		<!-- Product Graph View -->
		<record model="ir.ui.view" id="product_graph_view">
			<field name="name">Product Graph By Category</field>
			<field name="model">product</field>
			<field name="arch" type="xml">
				<graph string="Product Graph" type="pie">
					<field name="product_category_code" group="True"/>
					<field name="product_price" operator="+"/>
				</graph>
			</field>
		</record>
		<record model="ir.ui.view" id="product_tree_view">
			<field name="name">Product</field>
			<field name="model">product</field>
			<field name="arch" type="xml">
				<tree string="productTree">
					<field name="product_code"/>
					<field name="product_name"/>
					<field name="product_price"/>
				</tree>
			</field>
		</record>
		<menuitem id="productChildSubMenu" name="Product" parent="productSubMenu" sequence="1" action="productAction"/>
		<menuitem id="order_menu" name="Order" parent="storeMenu" sequence="3"/>
		<record model="ir.actions.act_window" id="order_action">
			<field name="name">Order Details</field>
			<field name="res_model">order.det</field>
			<field name="view_mode">tree,calendar</field>
		</record>
		<record model="ir.ui.view" id="order_tree_view">
			<field name="name">Order Details Tree</field>
			<field name="model">order.det</field>
			<field name="arch" type="xml">
			<tree string="oder_details_tree">
				<field name="order_code"/>
				<!--<field name="order_category_code"/>-->
				<field name="order_product_code"/>
				<field name="order_date"/>
				<field name="delivery_date"/>
				<field name="quantity"/>
			</tree>
			</field>
		</record>
		<record model="ir.ui.view" id="order_calendar_view">
			<field name="name">Order Details Calendar View</field>
			<field name="model">order.det</field>
			<field name="arch" type="xml">
				<calendar string="order_calendar" date_start="order_date" date_stop="delivery_date">
					<field name="order_code"/>
					<!-- <field name="order_category_code"/>-->
					<field name="order_product_code"/>
					<field name="quantity"/>
				</calendar>
			</field> 
		</record>
		<menuitem id="order_sub_menu" name="Order" parent="order_menu" sequence="1" action="order_action"/>
    </data>
</openerp>