<openerp>
    <data>
        <menuitem id="training_menu" name="Training" sequence="100"/>
        <menuitem id="faculties_personal_details_menu" name="Faculties Details" parent="training_menu" sequence="1"/>
        <!-- Faculties Personal Details Action -->
		<record model="ir.actions.act_window" id="faculties_personal_details_action">
            <field name="name">Faculties Personal</field>
            <field name="res_model">faculty.personal.details</field>
            <field name="view_mode">tree,form</field>
        </record>
		<!--Faculties Personal Details Form View -->
		<record model="ir.ui.view" id="faculties_personal_details_fromview">
			<field name="name">Faculties Personal Details Form View</field>
			<field name="model">faculty.personal.details</field>
			<field name="arch" type="xml">
				<form string="faculties form" version="7.0">
					<sheet>
						<group>
							<!--<field name="faculty_code"/>-->
							<field name="faculty_name"/>
						</group>
						<group>
							<field name="faculty_skills_ref">
								<tree string="facultyskills" editable="bottom">
									<!--<field name="skill_code"/>-->
									<field name="skill_name"/>
								</tree>
							</field>
						</group>
					</sheet>
				</form>
			</field>
		</record>
		<!-- Faculties Personal Details Tree View -->
		<record model="ir.ui.view" id="faculties_personal_details_tree_view">
			<field name="name">Faculties Personal Details Tree</field>
			<field name="model">faculty.personal.details</field>
			<field name="arch" type="xml">
				<tree string="factultiestree">
					<!--<field name="faculty_code"/>-->
					<field name="faculty_name"/>
					<field name="faculty_skills_ref"/>
				</tree>
			</field>
		</record>
		<!-- Faculties Personal Details Search View -->
		<record model="ir.ui.view" id="faculties_personal_details_search_view">
			<field name="name">Faculties Search By Skills</field>
			<field name="model">faculty.personal.details</field>
			<field name="arch" type="xml">
				<search string="facultiessearchbyskills">
						<filter name="filterskill" string="FilterSkill" domain="[('faculty_name','=','Chandrasekar')]"/>
				</search>
			</field>
		</record>
        <menuitem id="faculties_personal_details_submenu" name="Faculties Details" parent="faculties_personal_details_menu" sequence="1" action="faculties_personal_details_action"/>
		<menuitem id="skill_sets_menu" name="Skill Sets" parent="training_menu" sequence="2"/>
		<!-- Skill Sets Action -->
		<record model="ir.actions.act_window" id="skill_sets_action">
			<field name="name">Skill Sets</field>
			<field name="res_model">skills.sets</field>
			<field name="view_mode">tree,form</field>
		</record>
		<!-- Skill Sets Form View -->
		<record model="ir.ui.view" id="skills_sets_form_view">
			<field name="name">Skill Sets Form</field>
			<field name="model">skills.sets</field>
			<field name="arch" type="xml">
				<form string="skillsform" version="7.0">
					<sheet>
						<group>
							<!--<field name="skill_code"/>-->
							<field name="skill_name"/>
						</group>
					</sheet>
				</form>
			</field>
		</record>
		<!-- Skill Sets Tree View -->
		<record model="ir.ui.view" id="skills_sets_tree_view">
			<field name="name">Skill Sets Tree</field>
			<field name="model">skills.sets</field>
			<field name="arch" type="xml">
				<tree string="skillstree">
							<!--<field name="skill_code"/>-->
							<field name="skill_name"/>
				</tree>
			</field>
		</record>
		<menuitem id="skill_sets_submenu" name="Skill Sets" parent="skill_sets_menu" sequence="1" action="skill_sets_action"/>
    </data>
</openerp>