<?xml version="1.0" encoding="UTF-8"?>
<templates>
	<t t-name="CustomerOrderTemplate">
	<div>
		<div class="oe_PageHeader">Employee table</div> 
				<br/><br/>
			Choose a Customer <select id="oe_shopping_select">
			 <option></option>
				<t t-foreach="customers" t-as="customer">
					<option t-att-value="customer.id"><t t-esc="customer.name"/></option>
				</t>
			</select> <span> </span> <input type="button"  value="Export to Excel" id="export_to_excel"/>
	</div>
	</t>
	
	<t t-name="OrderTemplate">
	<div>
		<br/><br/>
		<div class="oe_PageHeader">Order table</div> 
			<table id="employee_data" border="1" class="oe_employee_data">
				<tr><th>orderdate</th><th>order items</th><th>ordervalue</th></tr>		
				<t t-foreach="orders" t-as="order">
				<tr>
				<td>
				  <t t-esc="order.orderdate"/>
				</td>
				<td>
				  <t t-foreach="order.order_item_ids" t-as="item">
						<t t-esc="item.product_id"/>
				  </t>
				</td>
				<td>
				  <t t-esc="order.ordervalue"/>
				</td>
				</tr>
				</t>
			</table>
			<div id = "dialog-1" title = "Dialog Box..."> 
				OpenERP Dialog!
			</div>
		</div>
	</t>
</templates>
