<?xml version="1.0" encoding="utf-8"?>
<?oxygen SCHSchema="docbook-mods.sch"?>
<?oxygen RNGSchema="bloomsbury-mods.rnc" type="compact"?>
<part label="1" xml:id="b-9781782258261-part1">
	<info xml:id="b-9781782258261-0004629">
		<title xml:id="b-9781782258261-0004630">Legislation</title>
		<pagenums>1</pagenums>
		<mediaobject xml:id="b-9781782258261-2000863">
			<imageobject role="suppressPDF" xml:id="b-9781782258261-2000864">
				<imagedata fileref="pdfs/9781782258261.pt-002.pdf" format="application/pdf" />
			</imageobject>
		</mediaobject>
	</info>
	<chapter label="2" xml:id="ba-9781849467162-chapter2">
		<info xml:id="ba-9781849467162-0000037">
			<title xml:id="ba-9781849467162-0000038">What is the Parliamentary Scrutiny of Legislation
				for&#x003F;</title>
			<pagenums>1</pagenums>
			<biblioid class="doi">10.5040/9781849467162.ch-000</biblioid>
			<mediaobject xml:id="ba-9781849467162-0000039">
				<imageobject xml:id="ba-9781849467162-0000040">
					<imagedata fileref="pdfs/9781849467162.ch-000.pdf"
						format="application/pdf" />
				</imageobject>
			</mediaobject>
			<author xlink:href="C11898" xlink:role="biblioAuID">
				<personname role="first-last">
					<firstname>Sir</firstname>
					<surname>Stephen Laws</surname>
				</personname>
			</author>
		</info>
		<section xml:id="ba-9781849467162-0000041" role="sec1">
			<info xml:id="ba-9781849467162-0000042">
				<title xml:id="ba-9781849467162-0000043">I. Introduction</title>
			</info>
			<para xml:id="ba-9781849467162-0000044">Is the parliamentary scrutiny of legislation
				effective&#x003F; How can it be improved&#x003F; These are
				legitimate and frequently asked questions.</para>
			<para xml:id="ba-9781849467162-0000045">
				The consensus for most who seek to answer them is that parliamentary
				scrutiny is not effective enough, or at least that there is room for
				improvement. In the House of Lords, the view that the scrutiny of
				legislation in the House of Commons is often incomplete and
				inadequate
				<footnote xml:id="ba-9781849467162-0000046" label="1">
					<para xml:id="ba-9781849467162-0000047">See, eg, HL Deb 16 May 2006, col 131 (Lord
						Forsyth); HL Deb 25 February 2010, col 1112 (Lord Alderdice).
					</para>
				</footnote>
				is used to vindicate the role that the Lords adopt for themselves.
				Many different suggestions for improvement have been made, and
				plenty have been implemented and are thought to have been
				beneficial.
			</para>
			<para xml:id="ba-9781849467162-0000048">There are few (if any) human institutions that are
				incapable of being improve, so I am not going to question the
				consensus. But nor am I going to embark on yet another attempt to
				answer the questions, or indeed many of the further questions I
				shall pose below. Rather, this chapter (which will be confined to
				primary legislation) is intended as an examination of the
				assumptions that are made, and should be questioned, by anyone who
				is proposing to look into the effectiveness of the parliamentary
				scrutiny of legislation or to suggest improvements to it.</para>
			<para xml:id="ba-9781849467162-0000049">The premises on which the effectiveness of
				parliamentary scrutiny is criticised and on which suggestions are
				made for its improvement are often left implicit and not discussed.
				They need more attention. In particular, what is the parliamentary
				scrutiny of legislation for&#x003F; How can you reach conclusions
				about the ways to improve a process without a clear idea of what the
				process is supposed to achieve&#x003F; The fundamental purpose of
				the parliamentary scrutiny of legislation may not be as obvious as
				it is often taken to be.</para>
			<para xml:id="ba-9781849467162-0000050">This chapter is based on the inferences drawn from
				a 37-year career of involvement in the legislative process. It is
				not based on any other form of empirical research. Rather, my
				ambition for what, I happily concede, is only a piece of armchair
				analysis is that it will provide an initial orientation for those
				who want to study the legislative process. I hope it will help them,
				or perhaps provoke them, to question where exactly they are starting
				from, and to form a clearer idea of whether that is the right place
				to begin.</para>
		</section>
		<section xml:id="ba-9781849467162-0000051" role="sec2">
			<info xml:id="ba-9781849467162-0000052">
				<title xml:id="ba-9781849467162-0000053">II. Measuring Success</title>
			</info>
			<para xml:id="ba-9781849467162-0000054">When I was the First Parliamentary Counsel, I
				needed to devote a great deal of energy and thought both to how to
				measure the quality of legislation and to how to assess the
				contribution to its quality that was being made by the Parliamentary
				Counsel. I needed to be able to test whether our standards were
				being maintained and to secure, so far as possible, that we were
				doing everything we could to enhance the value of our contribution.
				I was required, and obviously wanted, to be able to prove&#x2014;by
				more than mere assertion&#x2014;that the Office of the Parliamentary
				Counsel represented good value for money.</para>
			<para xml:id="ba-9781849467162-0000055">This proved to be one of the more difficult aspects
				of the job. This was not because it was in any way difficult to get
				the answer that I hoped for and needed. Fortunately, there were
				plenty of people involved in the process who would willingly offer
				their subjective endorsement of the excellence of the
				Office&#x2019;s work. But, while it was difficult otherwise to get
				an objectively measurable answer, the logic of what was needed to
				get an objective answer was straightforward. First, I needed to be
				clear about what our role was. Second, I needed to be able to define
				what difference our carrying it out was supposed to make. Lastly, I
				had to find a way to measure how good we were at making that
				difference.</para>
			<para xml:id="ba-9781849467162-0000056">The Parliamentary Counsel are only one of the
				participants in the process of producing legislation. Compared with
				Parliament, their role is narrow and relatively easy to define.
				Nevertheless, it was still difficult to find a way to obtain
				unambiguous and objective evidence about how well it was being
				carried out, and it was definitely extremely difficult to do so
				against any useful timescale. There is potentially a very long delay
				before any departure from the best might emerge. A problem with an
				Act might not appear until a case years after the Act became law.
				Even if we assumed, for the purposes of testing our performance,
				that the role of the Parliamentary Counsel was to give effect to the
				intentions of those instructing us&#x2014;a considerable
				oversimplification&#x2014;it was often just as difficult to identify
				those intentions in retrospect as it sometimes is for the courts to
				find an intention for Parliament in the words used by the drafter.
			</para>
			<para xml:id="ba-9781849467162-0000057">What is needed to show that legislation has been
				well made is that notoriously difficult thing: the proof of a
				negative, in this case, that things have not gone wrong. The most
				effective legislation is often the legislation that produces a
				desired behaviour change without any need for litigation or numerous
				prosecutions. When an Act is criticised as being ineffective or
				unnecessary because, for example, it has resulted in only very few
				prosecutions, that fact is at least as likely to be evidence of its
				success as of its failure.</para>
			<para xml:id="ba-9781849467162-0000058">Even when things can be shown to have gone wrong,
				there is then the further difficulty of identifying exactly what
				caused them to go wrong and of sharing out the responsibility
				between the different participants in the process of production. Nor
				is it always straightforward to develop a clear understanding of
				what &#x2018;going wrong&#x2019; entails.</para>
			<para xml:id="ba-9781849467162-0000059">
				Inevitably, there were some who suggested to me that if clear
				answers could not be found, it was better to stop asking the
				questions.
				<footnote xml:id="ba-9781849467162-0000060" label="2">
					<para xml:id="ba-9781849467162-0000061">
						Something Lord Irvine of Lairg had suggested in relation to
						another concern of mine when I was a member of the McKay
						Commission: the West Lothian Question (
						<emphasis role="italic">Daily Mail</emphasis>
						, 17 July 1999). I am delighted that the Parliamentary Counsel
						Office, with its &#x2018;Good Law&#x2019; project, is continuing
						to ask these questions and has made real progress with finding at
						least some answers to it: see
						<link xlink:href="http://www.gov.uk/guidance/good-law">
							<uri>www.gov.uk/guidance/good-law</uri>
						</link>
						.
					</para>
				</footnote>
				That is a counsel of despair and is also not practicable if you are
				seeking to answer the questions in order to know the answer when you
				yourself are asked them by more persistent questioners.
			</para>
			<para xml:id="ba-9781849467162-0000062">There is a similar problem for Parliament. How can
				you tell whether Parliament is doing a good job at scrutinising
				legislation&#x003F; What would constitute a good job&#x003F; What,
				even, in this context do we mean by Parliament&#x003F; These are
				questions asked not only by students of Parliament but also, in a
				different way, at regular intervals by the electorate.</para>
		</section>
		<section xml:id="ba-9781849467162-0000063" role="sec3">
			<info xml:id="ba-9781849467162-0000064">
				<title xml:id="ba-9781849467162-0000065">III. Different Scrutiny in the Different
					Houses&#x003F;</title>
			</info>
			<para xml:id="ba-9781849467162-0000066">The question of what institution is being referred
				to when it is the functions of Parliament that are being considered
				can sometimes be suppressed in discussions of parliamentary
				scrutiny. Is parliamentary scrutiny something that needs to be
				carried out to the same extent by each House in parallel&#x003F; Or
				should the scrutiny by each House be different, so that each
				complements the other&#x003F; If the latter, in what
				respects&#x003F; Are different forms of scrutiny required in the
				different Houses for different sorts of Bill&#x003F; Incidentally,
				many of the questions about the different roles of the two Houses in
				the scrutiny of legislation are also relevant to any proposal for
				reforming the House of Lords.</para>
			<para xml:id="ba-9781849467162-0000067">
				When the House of Lords is described as a &#x2018;revising
				chamber&#x2019;, is that intended to give it a different role: one
				that would supplement, rather than overlap, the role of the
				Commons&#x003F; Or is that description something that, without
				adding anything, is made only for the purpose of subtracting from
				the role of the House of Lords particular aspects of the more
				extensive scrutiny that it would fall to that House to carry out if
				it had the same role as the Commons&#x003F;
				<footnote xml:id="ba-9781849467162-0000068" label="3">
					<para xml:id="ba-9781849467162-0000069">
						For a view from the House of Lords about what this means, see the
						<bibliolist xml:id="ba-9781849467162-0000070" role="inline">
							<bibliomixed xml:id="ba-9781849467162-0000071" role="legislation">
								<title>
									<emphasis role="italic">Report of the Leader&#x2019;s Group on
										Working Practices</emphasis>
								</title>
								(
								<pubdate>26 April 2011</pubdate>
								)
							</bibliomixed>
						</bibliolist>
						, ch 3, paras 70&#x2013;74, available at:
						<link
							xlink:href="http://www.publications.parliament.uk/pa/ld201012/ldselect/ldspeak/136/13606.htm">
							<uri>www.publications.parliament.uk/pa/ld201012/ldselect/ldspeak/136/13606.htm
							</uri>
						</link>
						.
					</para>
				</footnote>
			</para>
			<para xml:id="ba-9781849467162-0000072">Is it, perhaps, appropriate for the role of each
				House to be determined on a case-by-case basis according to what has
				or has not been done by way of scrutiny in the other House&#x003F;
				Or, as is often assumed, is the adoption of that approach by the
				Lords a symptom of the inadequacies of the scrutiny carried out in
				the House of Commons&#x003F; The Parliamentary Counsel have a
				principle they call the &#x2018;four eyes principle&#x2019;: every
				draft produced by a drafter should be read and subjected to review
				by another drafter&#x2014;a second set of eyes. Is that the
				principle that should govern the relationship between the two
				Houses&#x003F; Or should other considerations determine the
				different roles of the two Houses&#x003F; Is the ideal the same form
				of scrutiny by each House, but from different perspectives, deriving
				from the different compositions of the two Houses&#x003F; Or is the
				ideal a difference in the forms of scrutiny by each House that would
				itself determine the most appropriate distinctions in
				composition&#x003F;</para>
			<para xml:id="ba-9781849467162-0000073">
				How, if at all, do any assumptions made about the role of each House
				fit with the fact that, for most Bills at least, it is possible for
				the first House to be either House&#x003F; Although it is more usual
				for the House of Lords to be the second House on a major political
				Bill (and it is either impossible or very unlikely for it to be the
				first House on a Bill dealing with financial matters), it is by no
				means exceptional for a very important or high-profile measure to
				begin its passage through Parliament in the House of Lords.
				<footnote xml:id="ba-9781849467162-0000074" label="4">
					<para xml:id="ba-9781849467162-0000075">
						In the 2014&#x2013;15 parliamentary session, the
						<bibliolist xml:id="ba-9781849467162-0000076" role="inline">
							<bibliomixed xml:id="ba-9781849467162-0000077" role="legislation">
								<title>Bills for both the Infrastructure Act 2015 and the
									Serious Crime</title>
								<bibliomisc role="legalRef">Act 2015</bibliomisc>
							</bibliomixed>
						</bibliolist>
						, which were substantial measures in the Government&#x2019;s
						legislative programme, began as Bills first introduced into the
						House of Lords.
					</para>
				</footnote>
				What does that say about the notion of a &#x2018;revising
				chamber&#x2019;&#x003F;
			</para>
		</section>
		<section xml:id="ba-9781849467162-0000078" role="sec4">
			<info xml:id="ba-9781849467162-0000079">
				<title xml:id="ba-9781849467162-0000080">IV. Defining Parliament&#x2019;s Role as that of
					&#x2018;the Legislature&#x2019;</title>
			</info>
			<para xml:id="ba-9781849467162-0000081">The uncertainty demonstrated by questions about the
				different roles of the two Houses in the legislative process is only
				one aspect&#x2014;a consequence rather&#x2014;of a much more
				fundamental, false and usually silent assumption frequently
				underpinning attempts to examine the nature and adequacy of the
				parliamentary scrutiny of legislation.</para>
			<para xml:id="ba-9781849467162-0000082">
				Any description of the constitutional institutions of the UK is
				likely to draw on the classic distinction between the executive
				powers, the legislative powers and the judicial powers. This
				distinction is linked to the doctrine of a separation of powers that
				is found in the structure and theory of many modern constitutions,
				including, of course, the constitution of the USA. It is a doctrine
				that is assumed by many&#x2014;in my view, wrongly&#x2014;to be the
				essence of constitutionalism. Whatever the inherent virtue of that
				doctrine, however, it is a model that seems to me to fail on just
				about every front as an accurate descriptive model for the UK
				constitution. I say this despite the various things that have been
				done in recent times apparently for the purpose of moulding our
				institutions to fit it better.
				<footnote xml:id="ba-9781849467162-0000083" label="5">
					<para xml:id="ba-9781849467162-0000084">
						<bibliolist xml:id="ba-9781849467162-0000085" role="inline">
							<bibliomixed xml:id="ba-9781849467162-0000086" role="legislation">
								<title>Including, of course, the Constitutional Reform</title>
								<bibliomisc role="legalRef">Act 2005</bibliomisc>
							</bibliomixed>
						</bibliolist>
						.
					</para>
				</footnote>
			</para>
			<para xml:id="ba-9781849467162-0000087">
				My further view that the separation of powers also fails as an
				accurate description of what the UK constitution should be is,
				perhaps, better discussed at another time and in another place.
				<footnote xml:id="ba-9781849467162-0000088" label="6">
					<para xml:id="ba-9781849467162-0000089">
						The arguments I would use would be based, to some extent, on the
						analysis set out in my evidence to the House of Commons
						Parliamentary and Constitutional Reform Select Committees inquiry
						into a written constitution. See
						<link
							xlink:href="http://data.parliament.uk/writtenevidence/committeeevidence.svc/evidencedocument/political-and-constitutional-reform-committee/consultation-on-a-new-magna-carta/written/17085.html">
							<uri>http://data.parliament.uk/writtenevidence/committeeevidence.svc/evidencedocument/political-and-constitutional-reform-committee/consultation-on-a-new-magna-carta/written/17085.html
							</uri>
						</link>
						.
					</para>
				</footnote>
				Suffice it to say, in this context, that any analysis of the UK
				constitution is likely to be misleading if it assumes that it is
				possible to allocate different discrete areas and degrees of
				influence to different institutions. The institutions of the
				constitution are, in my view, better analysed as different forums
				for the exercise of political influence by individuals and groups of
				individuals on each other. So, their different compositions and
				manifestations are better seen as establishing and defining the
				qualification and different degrees of legitimacy for the influence
				exercised by their members, rather than as descriptions of
				collective bodies with accumulated powers that are supposedly vested
				exclusively in particular institutions, as such.
			</para>
			<para xml:id="ba-9781849467162-0000090">However, under the supposed model of the UK
				constitution based on a tripartite separation of powers, the Queen
				in Parliament is invested with the legislative power. It is then
				assumed that the legislative power is to be exercisable, in
				practice, by the two Houses in accordance with the constitutional
				laws and conventions governing the relationship between the two of
				them.</para>
			<para xml:id="ba-9781849467162-0000091">The assumption that the legislative function
				belongs exclusively, or even only primarily, to the two Houses is
				then assumed to make them ultimately responsible for every aspect of
				the legislation they pass. This means that any discussion of the
				effectiveness of parliamentary legislative scrutiny&#x2014;or of
				ways of improving it &#x2013;proceeds on the premise that anything
				that goes wrong with legislation is ultimately Parliament&#x2019;s
				responsibility. It is assumed that there is an obligation on
				Parliament to do everything possible that would improve the quality
				of legislation. Parliament must deal with every respect in which the
				quality of legislation falls short of perfect.</para>
			<para xml:id="ba-9781849467162-0000092">
				This way of looking at things leads to a consideration of
				parliamentary scrutiny that obeys the following logic. First, it
				sets, or presupposes, a test of good legislation, then it decides
				what would produce better legislation and, finally, it draws
				conclusions about what Parliament should do to ensure that better
				legislation is produced. This is not, it seems to me, the only or
				necessarily the best way to look at the matter, although it can
				still lead to interesting and useful proposals.
				<footnote xml:id="ba-9781849467162-0000093" label="7">
					<para xml:id="ba-9781849467162-0000094">
						See the work of the Hansard Society in
						<bibliolist xml:id="ba-9781849467162-0000095" role="inline">
							<bibliomixed xml:id="ba-9781849467162-0000096" role="monograph">
								<author>
									<personname role="first-last">
										<firstname role="initials">A</firstname>
										<surname>Brazier</surname>
									</personname>
								</author>
								et al,
								<title>
									<emphasis role="italic">Law in the Making</emphasis>
								</title>
								(
								<address>
									<city>London</city>
								</address>
								,
								<publishername>Hansard Society</publishername>
								,
								<pubdate>2008</pubdate>
								)
							</bibliomixed>
						</bibliolist>
						; and
						<bibliolist xml:id="ba-9781849467162-0000097" role="inline">
							<bibliomixed xml:id="ba-9781849467162-0000098" role="monograph">
								<author>
									<personname role="first-last">
										<firstname role="initials">R</firstname>
										<surname>Fox</surname>
									</personname>
								</author>
								and
								<author>
									<personname role="first-last">
										<firstname role="initials">M</firstname>
										<surname>Korris</surname>
									</personname>
								</author>
								,
								<title>
									<emphasis role="italic">Making Better Law</emphasis>
								</title>
								(
								<address>
									<city>London</city>
								</address>
								,
								<publishername>Hansard Society</publishername>
								,
								<pubdate>2010</pubdate>
								)
							</bibliomixed>
						</bibliolist>
						.
					</para>
				</footnote>
			</para>
			<para xml:id="ba-9781849467162-0000099">Proposals that adopt this logic implicitly require
				Parliament to reform itself to match its supposed all-embracing
				function. They tend to exclude the possibility that Parliament
				should itself determine its role in the legislative process
				according to what it&#x2014;or rather each of its component
				Houses&#x2014;is best qualified to do or is most capable of doing.
				At the very least, they imply that any approach based on priorities
				is necessarily a compromise with the ideal. The ideal, it is
				assumed, is that Parliament does everything within its power to make
				legislation better, however impracticable that is in
				practice&#x2014;and however much distraction it provides from doing
				what Parliament can do best.</para>
			<para xml:id="ba-9781849467162-0000100">The premise is that the role of the House of
				Commons, for example, is permanently fixed by the unwritten
				constitution&#x2019;s supposed classification of that House as part
				of the legislature. It might seem more democratic, however, to
				assume that the role of that House should be dependent on the
				different composition of the House produced from time to time by the
				electorate and on the political influence that is in practice
				required of members of that House by the mandate given to them by
				the electorate.</para>
			<para xml:id="ba-9781849467162-0000101">Is it the case that the electorate is expected to
				choose its representatives against a clearly defined and unvarying
				job description&#x003F; Or is the job of those who are elected
				better described, both in practice and in principle, by reference to
				what those who elected them would like them to do&#x003F; Perhaps
				the answer has to lie somewhere between the two, but, like any
				drafter who has spent a career with the freedom and responsibility
				provided by parliamentary sovereignty, I am sceptical about any
				analysis that assumes that some parts of a conceptual structure are
				fixed and unalterable. Lawyers who practise law outside the Office
				of the Parliamentary Counsel have to work with the law as the fixed
				point when solving a problem. Parliamentary Counsel are used to
				dealing with problems every part of which is a moving part or at
				least a moveable one. A similar approach is required when
				considering the role of Parliament and how well it carries it out.
			</para>
			<para xml:id="ba-9781849467162-0000102">The premise that Parliament is the nation&#x2019;s
				legislature and is vested with exclusive legislative power is based
				on what is manifestly a myth. Even disregarding the frequent
				delegation of legislative power to members of the executive,
				Parliament clearly does not have exclusive control of the
				legislative process. Neither Parliament nor its membership has any
				significant practical power, independently of government decisions,
				to initiate legislation that stands any chance of actually becoming
				law. In practice, Parliament&#x2019;s role in relation to
				legislation is reactive rather than proactive. It responds to
				legislative proposals put forward in a fully drafted form by the
				executive.</para>
			<para xml:id="ba-9781849467162-0000103">
				The notion of Parliament as the legislature rests on one
				constitutional fact: the political reality that a majority in the
				House of Commons has an ultimate veto over legislation and that
				there is a legally defined, but qualified,
				<footnote xml:id="ba-9781849467162-0000104" label="8">
					<para xml:id="ba-9781849467162-0000105">
						<bibliolist xml:id="ba-9781849467162-0000106" role="inline">
							<bibliomixed xml:id="ba-9781849467162-0000107" role="legislation">
								<title>By the Parliament</title>
								<bibliomisc role="legalRef">Acts 1911 and</bibliomisc>
								<pubdate>1949</pubdate>
							</bibliomixed>
						</bibliolist>
						.
					</para>
				</footnote>
				veto for the House of Lords. These powers of veto necessarily also
				involve an incidental power to withhold consent to legislation in
				the absence of specified amendments. In purely practical terms,
				however, if legislation is proposed that the Government does not
				want passed, or if it wants to see a proposal amended in accordance
				with its wishes, it has mechanisms available to it that are just as
				effective as the veto given to each House. Further, even the theory
				reinforces the practical position. Legislation requires not only the
				agreement of the two Houses but also the consent of the executive
				power in the form of the Royal Assent, given, invariably these days,
				on the advice of ministers.
			</para>
			<para xml:id="ba-9781849467162-0000108">
				The Westminster constitutional model vests the executive power in
				those who can command a majority in the elected House. This is not
				designed to produce a separation of powers, but, instead, tends to
				avoid the sort of deadlock a true separation of powers would
				sometimes involve. Our constitutional arrangements ensure that the
				Government has the initiative on the introduction and passing of
				almost all legislation. That is guaranteed by the Westminster model,
				together with the rules of order in the House of Commons and the
				political inhibitions in the House of Lords that derive principally
				from its unelected status.
				<footnote xml:id="ba-9781849467162-0000109" label="9">
					<para xml:id="ba-9781849467162-0000110">In addition, the rules of financial procedure in
						the House of Commons, particularly Standing Orders 48 and 50,
						together with the Commons&#x2019; financial privileges that govern
						relations between the two Houses, further limit the power of
						members of either House, other than as members of the Government,
						to initiate legislation with significant financial implications.
					</para>
				</footnote>
				If legislation passes in a form that is contrary to the wishes of
				the Government, it is only because the Government has felt a
				politically induced need to withhold from using the mechanisms at
				its disposal to amend it or to block it. The only way legislation
				can be forced through against the wishes of the Government is by
				building an irresistible political consensus to which the Government
				must accede. In practice, the Government needs, willingly or
				sometimes unwillingly, to collaborate with the creation of all new
				law. It is politics, not law, which in practice enables the
				influence of members of the two Houses sometimes to prevail over the
				influence and wishes of those in government.
			</para>
			<para xml:id="ba-9781849467162-0000111">
				Even after recent reforms,
				<footnote xml:id="ba-9781849467162-0000112" label="10">
					<para xml:id="ba-9781849467162-0000113">
						Principally those resulting from recommendations of the
						&#x2018;Wright Committee&#x2019;, the House of Commons Select
						Committee on the Reform of the House of Commons,
						<emphasis role="italic">Rebuilding the House: Implementation
						</emphasis>
						(HC 2009&#x2013;10, 372) to give effect to the principle set out
						in para 22 for the enhancement of the House&#x2019;s control of
						its own agenda, timetable and procedures. See further ch 7 below.
					</para>
				</footnote>
				the Government retains effective, practical control over the
				parliamentary time that is required to get government or other
				legislation through the House of Commons. Convention in the House of
				Lords requires the Government to be granted the time reasonably
				required for the purpose of getting its legislation through that
				House. This also means that the Government can, in practice, deny
				sufficient parliamentary time to any legislation that is not
				acceptable to it. The members of each House do collectively possess
				a theoretical veto over all legislation and in practice have the
				potential to deny or to exhaust the time the Government needs to get
				its legislation through. On the other hand, the Government always
				has the opportunity to find more time by sacrificing lower priority
				items or, usually, and subject to the risk of taking political
				damage for doing so, of using its majority in the Commons to force
				legislation through more quickly.
			</para>
			<para xml:id="ba-9781849467162-0000114">
				Nevertheless, while this puts the Government in the driving seat
				when it comes to legislation, it most definitely does not prevent
				the members of both Houses from having very considerable influence
				over the detail of legislation and, in my experience, also over what
				the Government chooses to ask them to pass. The Government, when it
				is considering what to legislate on, is subject to considerable
				inhibitions that cannot always be seen from outside and are often
				impossible, or at least very difficult, to measure. Governments feel
				considerably constrained by apprehensions about triggering an
				unwelcome controversy&#x2014;with the concomitant risk of
				unnecessarily expending precious political goodwill&#x2014;and by
				the desire to avoid wasting valuable parliamentary time required for
				other parts of its programme.
				<footnote xml:id="ba-9781849467162-0000115" label="11">
					<para xml:id="ba-9781849467162-0000116">
						See the research being carried out by Professor Meg Russell of the
						UCL Constitution Unit, which she suggests is leading to the
						conclusion that Parliament is more influential over legislation
						and other matters than conventional wisdom normally assumes, and
						that that influence is increasing:
						<link
							xlink:href="http://www.ucl.ac.uk/constitution-unit/research/parliament/legislation">
							<uri>www.ucl.ac.uk/constitution-unit/research/parliament/legislation
							</uri>
						</link>
						and
						<link
							xlink:href="http://www.ucl.ac.uk/constitution-unit/constitution-unit-news/141014">
							<uri>www.ucl.ac.uk/constitution-unit/constitution-unit-news/141014
							</uri>
						</link>
						.
					</para>
				</footnote>
			</para>
			<para xml:id="ba-9781849467162-0000117">The opportunity for Parliament to initiate and pass
				legislation without the agreement&#x2014;or at least the
				acquiescence&#x2014;of the Government is, in practical terms,
				non-existent. Private Members&#x2019; Bills or Private Peers&#x2019;
				Bills are, for practical purposes, no more than petitions to the
				Government to allow the law to be changed. Governments may agree
				more or less willingly&#x2014;according to the political pressure
				they come under&#x2014;to the enactment of laws that have been
				proposed from the backbenches, but government acquiescence is the
				very least that is required for them to succeed.</para>
		</section>
		<section xml:id="ba-9781849467162-0000118" role="sec5">
			<info xml:id="ba-9781849467162-0000119">
				<title xml:id="ba-9781849467162-0000120">V. Legislation as a Tool of Government Policy
				</title>
			</info>
			<para xml:id="ba-9781849467162-0000121">None of this is necessarily a bad thing. This
				system suits an analysis of public policy-making that recognises
				that neither legislation in general nor any specific proposal for
				new legislation is self-contained and independent of the otherwise
				coordinated, day-to-day processes of government and public
				administration. It fits with the notion that the responsibilities of
				national political leadership are rightly borne in practice
				exclusively by the elected government rather than shared with
				Parliament, and that Parliament&#x2019;s influence is more properly
				and effectively exercised in scrutinising the discharge of those
				responsibilities, and in holding to account those required to
				discharge them.</para>
			<para xml:id="ba-9781849467162-0000122">All this also fits with the practical reality that
				the Government&#x2019;s annual legislative programme, which is
				announced in the Queen&#x2019;s Speech, needs to be an integrated
				whole. In practice, it is conceived as a coordinated combination of
				proposals for implementing the priorities for the
				Government&#x2019;s policy programme. Governments are elected to
				effect change&#x2014;to make things better, by whatever test for
				&#x2018;better&#x2019; they set for themselves&#x2014;and the
				legislative programme results from the decisions that have to be
				made about the relative importance of whichever of those changes
				require legislation in order to be implemented. The programme may
				also have to be supplemented by changes that are needed to respond
				to unanticipated events. But this does not affect the need and
				ambition of every government to ensure that all parts of its
				programme are at least mutually compatible, and preferably mutually
				reinforcing.</para>
			<para xml:id="ba-9781849467162-0000123">It is a myth to suggest that political leadership,
				when it comes to legislation,belongs to Parliament rather than to
				the Government. This myth distorts a proper view of legislation and
				so of its scrutiny. It involves an assumption that legislation is
				somehow a precursor or precondition for the formulation and
				implementation of policy rather than part of the process by which
				the Government gives effect to the changes it desires and to the
				policies it has already decided on.</para>
			<para xml:id="ba-9781849467162-0000124">It is this myth that also leads to two further
				inconsistent assumptions about what legislation is for. Each is used
				in a separate way to argue for more power for members of Parliament
				in each House to initiate legislation. But both assumptions are
				false.</para>
			<para xml:id="ba-9781849467162-0000125">The first assumption is that there is one
				relatively settled or permanent set of rules, enshrined in law, that
				provide the framework and invariable context for the activities of
				the people and of government. On this basis, Parliament is then the
				guardian of these rules with the exclusive power to change them and
				for this reason needs, it is assumed, to be separate from those,
				including those in government, who are subject to them.</para>
			<para xml:id="ba-9781849467162-0000126">This way of looking at things is sometimes
				encouraged by the way in which the preoccupations of the practising
				legal profession create a tendency to look at legislation as
				principally a mechanism for tinkering with a system for resolving
				disputes between legal persons. In fact, most legislation is about
				creating incentives to legal persons to change their behaviour and
				about doing so in a way that it is hoped will not give rise to
				disputes. When legislation is directed at dispute resolution rules,
				it is usually only if that is regarded as a good way of
				incentivising a behaviour change. Changes to civil law are usually a
				relatively inefficient way of doing that. Furthermore, the
				principles of stability and predictability, which are essential to a
				system of resolving disputes about things that have already
				happened, have a different sort of relevance in relation to
				legislation which is directed at incentivising changes in future
				behaviour. When, for the purpose of bringing about change,
				legislation changes the rules of the relationship between government
				and the people (as it must very often do), it creates an inevitable
				tension with the values by which a dispute resolution system is
				assessed.</para>
			<para xml:id="ba-9781849467162-0000127">It is misleading, though, to assert that Parliament
				has a special role as guardian of the framework or parameters of the
				system, and so has functions that are independent of the
				responsibility of the Government for how the system is operated in
				practice. On that hypothetical view of the way in which the
				constitution works, the focus of Parliament, when considering
				legislation, would not be on the immediate, short-term
				implementation of policy, but on the integrity of a stable and
				predictable system within which executive action will be used to
				manage things and effect change.</para>
			<para xml:id="ba-9781849467162-0000128">Of course, the long-term effects of legislation are
				an important consideration. They are important both for Parliament
				and for the Government. But, in practice, they are not in fact the
				principal focus of political debates on legislation in Parliament,
				even in the House of Lords. A description of our system of scrutiny
				that relied on that assumption would be based on a fallacy.
				Parliament is just as focused on the short-term policy implications
				of change as the Government, and wishing it otherwise would not turn
				Parliament into the guardian of the long term or provide a check on
				the perceived short-term preoccupations of the executive. Indeed,
				the responsibilities of office, together with the benefit of advice
				from a permanent Civil Service, probably have a tendency to induce
				more attention on the long term by the Government than might be
				expected from a more specifically political forum such as
				Parliament.</para>
			<para xml:id="ba-9781849467162-0000129">Treating Parliament as the steward of a settled
				constitutional system is misleading in another way. In practice,
				governments are constrained from legislative action by the need to
				expend political goodwill and use up parliamentary time in getting a
				Bill through. However, it would be wrong to infer from the existence
				of that political constraint that the constitutionally required way
				to decide policy is to begin by making selections from the options
				that are legally possible without legislation. There is no rule of
				life, or of the constitution, forbidding politicians from thinking
				outside the box until they have exhausted the process of thinking
				inside it.</para>
			<para xml:id="ba-9781849467162-0000130">Policy formulation should start with what ideally
				the Government would like to do to implement its political mandate,
				and in my experience it usually does. It is only when that is known
				that the analysis moves on to whether what would be ideal can be
				done within the existing law or whether, instead, it requires the
				law to be changed. It is only after it is known what legal change
				would be needed to achieve the Government&#x2019;s objectives that
				the Government can consider whether changing the law for that
				purpose is both desirable and politically possible. And it is only
				then that long-term considerations about the likely effect of the
				required change on the system as a whole can be taken into
				account&#x2014;and, to the extent that they might be adverse,
				balanced against the short-term benefits of the policy in hand.
				There is a stage when the process of deciding whether to legislate
				involves assessing whether a legislative solution would be
				beneficial, but it is a stage that comes, or at least should come,
				after reaching an understanding both about what a legislative
				solution could achieve and&#x2014;with a reasonable degree of
				precision&#x2014;what it would look like.</para>
			<para xml:id="ba-9781849467162-0000131">Sometimes, maybe often, governments know in advance
				that legislation on a particular topic is likely to be impractical
				or a low priority, and then they have to rule out the legislative
				options early on. That does not mean that non-legislative solutions
				are inherently more constitutionally virtuous than legislative ones.
				The tests are entirely pragmatic. Non-legislative solutions are just
				easier and quicker to implement in practice, and they allow
				legislative activity to be concentrated on the cases where it will
				do the most good. Governments rightly prefer policy options that do
				not require legislation, but they do so because the benefits
				resulting from them are going to be seen earlier and because the
				incidental effects of non-legislative change, though never entirely
				certain, are usually easier to predict. The financial and other
				resources of costs of producing, implementing and communicating
				legislative change also tend to be higher than in the case of
				non-legislative change. It is for these reasons that legislation is
				seen as best left for cases where legislation is the only route for
				implementing the policy. Legislation is best confined to cases where
				the risk of creating unintended consequences is least. For this
				purpose, unintended consequences consist not only of the risks
				arising from any failure to predict practical
				effects&#x2014;something which is an inherent risk with all
				structural change&#x2014;but also from the risks to the ultimate
				policy that would flow from the possibility of being required to
				accept unexpected or unwanted amendments in Parliament.</para>
			<para xml:id="ba-9781849467162-0000132">So it is a myth that Parliament, when it
				legislates, is setting a neutral framework for policy decisions to
				be made by, for example, the Government between permitted options.
				Government seek legislation to do particular things and to have
				particular effects, not with a view to securing an impartial and
				balanced matrix for decision-making. Parliament has to, and does,
				consider proposals for legislation in that context.</para>
			<para xml:id="ba-9781849467162-0000133">Occasionally legislation may be proposed to produce
				a system the operation of which, it is assumed, will produce better
				practical effects just because of the theoretical virtues of the new
				system. However, it is a very risky form of legislation where the
				benefits are expected to arise simply as the necessary consequence
				of the virtues of a new system, but without any clear idea about
				what the intended benefits will be or any analysis of why they would
				be benefits. All legislative drafters know that the most difficult
				sort of legislation to draft, and the most difficult to get right,
				is legislation that seeks to be impartial or neutral as regards how
				it will be used or otherwise as regards its likely practical effect.
				The most daunting instructions are those that require the drafter to
				ensure that all options are left open.</para>
			<para xml:id="ba-9781849467162-0000134">The natural instincts of Parliament and of the
				courts are to seek to produce greater certainty in any vagueness.
				There is a tendency in both to be suspicious of words that are
				all-encompassing, words that end in &#x2018;ever&#x2019;, such as
				&#x2018;whatever&#x2019; and &#x2018;howsoever&#x2019;. The tendency
				is to seek to limit them by amendment in Parliament and, in the
				courts, by construction. Any attempt to cover all the options is
				likely to run the risk of suggesting one option or range of options
				as the most likely or dominant one. Any attempt to put other options
				in play will shift the balance in favour of those over others about
				which the legislation is less specific. Listing all the options will
				risk omitting one and may well give undue prominence to one that the
				Government thinks too unlikely to want mentioned, even though it may
				not want totally to rule it out. Legislation ceases to be impartial
				as to its effects the moment it has to be applied in practice. For
				these reasons, the process of legislation usually requires, and
				necessarily involves, a commitment to the immediate short-term
				goals, without, of course, losing sight of the long-term
				consequences of changing the rules to achieve them.</para>
			<para xml:id="ba-9781849467162-0000135">The second false assumption about
				Parliament&#x2019;s role in relation to legislation is that the
				Government governs with laws made by Parliament: that legislation is
				actually the principal tool by which the Government governs the
				country. How, it is sometimes asked, could a government govern if it
				could not get its legislation through&#x003F;</para>
			<para xml:id="ba-9781849467162-0000136">This second assumption is as misleading a
				description of what happens in practice as the first, with which it
				is arguably inconsistent. The Government requires support in
				Parliament to give it political legitimacy for what it decides to
				do, but most government decisions do not need legislative approval.
				Legislation is not the principal tool for governing the country or
				even for implementing policy change. Most government activities can
				be carried on, and a great deal can be changed, without any need to
				resort to legislation other than of the purely formal sort referred
				to in the next paragraph. As explained above, legislation, in the
				sense that it is usually understood, is the tool used by government
				only for implementing its priorities for change and only where they
				cannot be implemented except by changing the law.</para>
			<para xml:id="ba-9781849467162-0000137">Legislation can only be regarded as a necessary and
				important tool for running the country insofar as the
				Government&#x2019;s decisions on supply and appropriation are
				formally encapsulated each year in legislative instruments. The
				principal tool of government for executive action and the
				implementation of change is the use of public money. Legislation,
				other than the formal legislation dealing with supply and
				appropriation, is often no more than an incidental aspect of policy
				implementation: for removing any legal vulnerabilities of the change
				required by a particular government policy. Often the core of what
				is wanted, which may be decisions about spending, will not be
				expressly dealt with in the Bill itself and may not even be within
				its scope.</para>
			<para xml:id="ba-9781849467162-0000138">&#x2018;Parliamentary government&#x2019; and
				parliamentary influence over policy would not be strengthened by
				giving Parliament more control over the initiation of legislation.
				It would only provide a more effective means for Parliament to
				transfer power from the executive (which is politically accountable
				to Parliament) to the judiciary (which is not). Proper government
				requires mechanisms to balance the many priorities that compete for
				attention at any one time. The legislative process in Parliament and
				decision-making in the courts are apt for dealing with only one
				matter at a time.</para>
			<para xml:id="ba-9781849467162-0000139">Achieving a policy objective by means of
				legislation sometimes involves legal coercion, but more often it
				involves the exercise of a discretion: with the intention that the
				change that achieves the objective will be produced only indirectly
				by provisions affecting, for example, the identity of the
				decision-maker or the parameters for that person&#x2019;s
				decision-making. This is another respect in which legislation and
				the day to day management and leadership of public affairs are
				entwined and cannot practicably be divided between different,
				mutually independent institutions.</para>
			<para xml:id="ba-9781849467162-0000140">
				Legislation is used most often for filling the gaps in a policy
				scheme for change rather than for authorising it in all respects.
				<footnote xml:id="ba-9781849467162-0000141" label="12">
					<para xml:id="ba-9781849467162-0000142">
						See
						<bibliolist xml:id="ba-9781849467162-0000143" role="inline">
							<bibliomixed xml:id="ba-9781849467162-0000144" role="article">
								<bibliomset relation="article">
									<author>
										<personname role="first-last">
											<firstname role="initials">S</firstname>
											<surname>Laws</surname>
										</personname>
									</author>
									, &#x2018;
									<title>Giving Effect to Policy in Legislation</title>
									:
									<subtitle>How to Avoid Missing the Point</subtitle>
									&#x2019; (
									<pubdate>2011</pubdate>
									)
									<volumenum>32</volumenum>
								</bibliomset>
								<bibliomset relation="journal">
									<title>
										<emphasis role="italic">Statute Law Review</emphasis>
									</title>
									<pagenums>1, 6</pagenums>
								</bibliomset>
							</bibliomixed>
						</bibliolist>
						.
					</para>
				</footnote>
				Nevertheless, it is the frequent desire of Parliament to debate the
				wisdom of the scheme itself, coupled with the desire of the
				Government to get the benefit of a symbolic, parliamentary
				endorsement for its proposed policy change, that often results in
				legislation being proposed and framed in a way that at least
				suggests that the whole scheme depends on it. This approach then has
				the consequence that the legislation is treated by Parliament as if
				it did.
				<footnote xml:id="ba-9781849467162-0000145" label="13">
					<para xml:id="ba-9781849467162-0000146">
						See Evidence to the House of Lords Constitution Committee inquiry
						into the pre-emption of Parliament,
						<link
							xlink:href="http://www.parliament.uk/documents/lords-committees/constitution/preemption/PPEvidence.pdf">
							<uri>www.parliament.uk/documents/lords-committees/constitution/preemption/PPEvidence.pdf
							</uri>
						</link>
						, 93, para 4; and the oral evidence at:
						<link
							xlink:href="http://www.parliament.uk/documents/lords-committees/constitution/preemption/PPEvidence.pdf">
							<uri>www.parliament.uk/documents/lords-committees/constitution/preemption/PPEvidence.pdf
							</uri>
						</link>
						, 78&#x2013;92.
					</para>
				</footnote>
			</para>
		</section>
		<section xml:id="ba-9781849467162-0000147" role="sec6">
			<info xml:id="ba-9781849467162-0000148">
				<title xml:id="ba-9781849467162-0000149">VI. Parliamentary Scrutiny as a Means of
					Legitimising Change</title>
			</info>
			<para xml:id="ba-9781849467162-0000150">In this context, there is one further issue that
				those who wish to consider the effectiveness of the parliamentary
				scrutiny of legislation need to take into account. That is the
				extent to which any perceived need for Parliament to ensure the
				quality of legislation is actually only incidental to a more
				important objective of the legislative processes of Parliament.
			</para>
			<para xml:id="ba-9781849467162-0000151">At least one important function of Parliament in
				relation to legislation&#x2014;maybe its principal
				function&#x2014;is to provide political legitimacy for the
				implementation of what usually begins as a partisan proposal. The
				passage of legislation through the processes of the nation&#x2019;s
				principal institution for democratic debate is what turns a
				controversial political proposal into something authorised or
				required by law, and it does this by putting it in a form that can
				be accepted as a general rule by law-abiding members of society and
				applied by an impartial judiciary. So the constitutional processes
				for passing legislation for implementing a controversial policy
				proposal are, and need to be, processes that will work in practice
				to turn something politically contentious into something that
				attracts greater public acceptance and adherence.</para>
			<para xml:id="ba-9781849467162-0000152">
				Often when legislation is expedited, what are subsequently seen as
				technical deficiencies in the legislation resulting from undue haste
				in its preparation may be better seen as the failure of a rushed
				process to provide the legislation with sufficient legitimacy to
				make it effective in practice.
				<footnote xml:id="ba-9781849467162-0000153" label="14">
					<para xml:id="ba-9781849467162-0000154">The Dangerous Dogs Act 1991 is often cited as a
						notorious example of how a rushed Act was defectively drafted,
						although it is difficult to identify exactly what drafting defects
						this criticism is based on. It may be that this Act stands better
						as an example of this phenomenon: that rushing through the Bill
						resulted in an Act that lacked sufficient legitimacy to command
						the respect it needed to work in practice.</para>
				</footnote>
			</para>
			<para xml:id="ba-9781849467162-0000155">
				There may be a similar difficulty in achieving legitimacy for a
				policy proposal where the legal changes that are needed to implement
				it and the substance of the proposal for which political legitimacy
				is sought have only a relatively loose or indirect connection with
				each other. This explains why Parliament and the Government will
				often collaborate in the scrutiny process to ensure that the
				endorsement is seen as covering more than just what is legally
				necessary.
				<footnote xml:id="ba-9781849467162-0000156" label="15">
					<para xml:id="ba-9781849467162-0000157">Discussed above.</para>
				</footnote>
			</para>
			<para xml:id="ba-9781849467162-0000158">This is also the reason why legislation relating to
				a particular topic sometimes needs to be more specific about the
				most controversial aspects of the legislation. There may be a
				temptation to think that a Bill may pass more easily, and the law
				appear more impartial, if the provisions that are most likely to be
				criticised on political grounds are left more opaque. But it is the
				most controversial provisions which, for legitimacy purposes, need
				to be the least opaque.</para>
			<para xml:id="ba-9781849467162-0000159">As I have said, most legislation is designed to
				effect change by providing incentives for changed behaviour, either
				directly for legal persons generally or indirectly: by affecting a
				particular category of them, very often public sector
				decision-makers. The most usual form of incentive is probably a
				provision modifying the context in which discretions are exercised.
				Even the apparently most direct means of influencing behaviour, the
				creation of a criminal offence, is likely to be effective in
				practice only to the extent that it changes the context in which the
				police and prosecuting authorities exercise their functions to
				respond to the behaviour that is criminalised. The extent to which
				members of the public will respond to the change is likely to depend
				on how the behaviour of those authorities changes as a result of the
				legislation and on how far people are made aware of the new offence
				otherwise than by its mere passage into law.</para>
			<para xml:id="ba-9781849467162-0000160">This raises the question whether parliamentary
				scrutiny should be assessed at least partly on the basis of its
				effectiveness in facilitating the exercise of political leadership.
				Are its processes those that do all that is necessary and required
				to achieve the peaceful, cooperative and widespread acceptance of
				changes in society&#x003F; The quality of the legislation&#x2014;the
				technical and practical effectiveness of the law and of the policy
				it supports&#x2014;are obviously relevant to achieving that, but
				that is not necessarily the whole story.</para>
		</section>
		<section xml:id="ba-9781849467162-0000161" role="sec7">
			<info xml:id="ba-9781849467162-0000162">
				<title xml:id="ba-9781849467162-0000163">VII. A Pragmatic Role for Parliament in Relation
					to Legislation</title>
			</info>
			<para xml:id="ba-9781849467162-0000164">These practical factors seem to me to lead to the
				conclusion that it must be for Parliament, or rather for each House,
				to define its own role in the scrutiny of legislation. With our
				unwritten constitution, there are no constitutional restrictions on
				what that role should be, and there are no constitutionally imposed
				duties about its legislative function to which Parliament is or can
				be made subject.</para>
			<para xml:id="ba-9781849467162-0000165">If Parliament is to select its priorities for
				scrutiny, it can only do so from what is most appropriate in the
				circumstances. In this process, recognition needs to be given to the
				Government&#x2019;s role and responsibilities in the preparation of
				legislation. Legislation is prepared and initiated by the
				Government. It is the Government that is ultimately directly or
				indirectly responsible for the form and content of the legislation,
				whether through the use of its legislative initiative or through its
				acquiescence to amendments made to a Bill or to the passing of a
				Private Members&#x2019; or Private Peers&#x2019; Bill. For all
				practical purposes, the Government has the legislative power,
				subject to its accountabilities to Parliament. It is inappropriate
				and unnecessary for Parliament to arrogate the Government&#x2019;s
				responsibilities to itself. Its job is to scrutinise the
				Government&#x2019;s work and to hold the Government to account when
				things go wrong.</para>
			<para xml:id="ba-9781849467162-0000166">Because legislation is ultimately ancillary to the
				process of implementing government policy, Members of Parliament in
				the House of Commons are accountable to their constituents for the
				effects of legislation primarily in their capacity as supporters or
				opponents of the Government&#x2019;s policy programme. It is as
				members of the &#x2018;electoral college&#x2019; for government
				rather than as individual legislators that they need to account to
				their constituents for the effects of government policy implemented
				by legislation.</para>
			<para xml:id="ba-9781849467162-0000167">Occasionally an individual MP may be held
				accountable for how he or she dealt with a particular point of
				legislative detail of particular interest to his or her
				constituents, but for most of the criteria on which the quality of
				legislation is judged, an MP must accept the judgment of those
				constituents on the Government&#x2019;s handling of those matters,
				according to whether the MP supported the party in government or was
				in opposition. In no practical way are MPs really held individually
				and directly accountable to their constituents for the technical
				quality of legislation. MPs would be right to see themselves as
				legitimate critics of proposals for legislation, but they are likely
				to mistake their function if they see themselves as its authors.
				They are directly accountable for their influence on the Government
				so far as legislation is concerned, but only indirectly for the
				legislation itself.</para>
			<para xml:id="ba-9781849467162-0000168">Similar considerations apply in the House of Lords,
				even though its members are not, of course, accountable to any
				electors. The functions of both Houses in relation to legislation
				should be devised to produce the most beneficial influence on the
				Government in what it does to formulate legislation. Again, the role
				needs to be seen to be that of critic rather than author.</para>
			<para xml:id="ba-9781849467162-0000169">Treating Parliament as a critic of legislation
				(rather than as its author), when taken with the reasons I have
				given for thinking that the role of critic is more constitutionally
				appropriate, seems to me to constitute a sound justification for the
				two Houses to be selective about how they carry out their function
				of legislative scrutiny. There is no need for them to carry out an
				exhaustive supervision of every aspect of the production of
				legislation.</para>
			<para xml:id="ba-9781849467162-0000170">The purpose of scrutiny should be to identify the
				aspects of the legislation that it is important for Parliament to
				influence, and to concentrate on those. Necessarily perhaps, this
				is, to a very large extent, what Parliament already does in
				practice.</para>
			<para xml:id="ba-9781849467162-0000171">On the other hand, even on the basis that that is
				the case, it seems to me that the effectiveness of the approach is
				diminished by the distraction resulting from a belief that it is
				only second best to trying to perfect the process of collective
				authorship. Parliament as an institution would be unsuited to
				carrying on integrated executive government, both because of its
				size and because of the political diversity of its membership. Its
				role is necessarily confined to scrutinising the collective
				decisions of the Government and holding it to account.</para>
			<para xml:id="ba-9781849467162-0000172">For similar reasons, the role of Parliament cannot
				practically include the collective authorship of legislative
				instruments. The authorship of legislation, both at the policy level
				and at the more technical drafting level, always involves the
				striking of many balances and the making of many compromises.</para>
			<para xml:id="ba-9781849467162-0000173">At the technical drafting level, the needs of
				different audiences have to be reconciled, the uncertainties in the
				existing law need to be analysed and avoided or resolved, and
				methods must be adopted that do not prejudice the construction and
				effect of existing legislation.</para>
			<para xml:id="ba-9781849467162-0000174">At the policy level, all forms of change involve a
				compromise between the demands of pace and the need for clarity and
				effectiveness. Perfection takes time, but it is a commonplace
				experience of change management of every sort that if it is too
				slow, it is likely to be more difficult, more painful for those
				affected by it and ultimately less effective. This is true of
				legislative change too. Political timetables for changes to
				different parts of the system may need to be coordinated. Delay can
				be desirable to produce a better outcome, but in the context of a
				system that is subject to the pressures of the electoral cycle, it
				is also a powerful weapon for opposition to change and for
				bolstering the status quo at the expense of what needs to be done.
			</para>
			<para xml:id="ba-9781849467162-0000175">The authorship of legislation by Parliament would
				require it to decide where these balances should be struck and to
				devise ways of striking them. It seems to me that all that is
				practicable is that the executive should propose a balance and that
				Parliament should be able to challenge it. Under our current
				constitutional arrangements, the Government has sufficient control
				of the pace of change to ensure that its very highest priorities
				proceed at the pace the Government chooses for them, particularly on
				the financial front, but the Government is always accountable to
				Parliament for its decisions on these matters and has to justify
				them in that forum.</para>
			<para xml:id="ba-9781849467162-0000176">Giving more emphasis to a critical role for
				Parliament in relation to legislation, as opposed to an authorship
				role, has implications both for what Parliament chooses to
				scrutinise and for the methods it adopts for particular pieces of
				legislation.</para>
			<para xml:id="ba-9781849467162-0000177">So, once the authorship role is no longer accepted
				as the premise for parliamentary scrutiny, it becomes legitimate for
				each House to discharge its role by adopting a sampling process.
				Sampling is, after all, an accepted and effective form of quality
				control in other areas.</para>
			<para xml:id="ba-9781849467162-0000178">As a Parliamentary Counsel, I was always conscious
				of the influence on my work of any risk that a certain sort of
				provision might attract undue parliamentary attention. It was not
				necessary, in order for Parliament to influence the way in which
				legislation is prepared, for it to be inevitable that every instance
				of such a provision would be challenged or even discussed. It was
				enough that it was known within the executive that there was a
				strong risk of challenge if someone&#x2019;s attention happened on
				the provision during its passage. A provision of that sort would
				seldom be proceeded with unless it was seen to be essential.</para>
			<para xml:id="ba-9781849467162-0000179">On this premise, parliamentary scrutiny could,
				perhaps, be made more influential on government by a more systemised
				selection of samples or by introducing more clarity on what
				Parliament, or each House, is sampling legislation for. That may be
				a more practical way of improving legislation than any attempt to
				make scrutiny more comprehensive, which will always run up against
				the obstacle of the Government&#x2019;s practical need to be able to
				manage the pace of the change that represents its highest priority.
				Of course, government is already influenced by the risk that
				anything might be sampled for anything remotely relevant, but more
				focused sampling is likely to be more influential if the focus is
				known.</para>
			<para xml:id="ba-9781849467162-0000180">
				Elsewhere in this volume, Jack Simson Caird and Dawn Oliver analyse
				some of the issues for which the Lords Constitution Committee look
				in legislation.
				<footnote xml:id="ba-9781849467162-0000181" label="16">
					<para xml:id="ba-9781849467162-0000182">See ch 4 below.</para>
				</footnote>
				This seems to me
				<footnote xml:id="ba-9781849467162-0000183" label="17">
					<para xml:id="ba-9781849467162-0000184">Subject to what I say below about whether
						Parliament should concentrate on matters of substance or on
						process.</para>
				</footnote>
				to identify an approach by which a sampling technique can be made
				more influential on the Government. The approach of the Committee
				and the analysis of its work are likely, in combination, to enhance
				the influence of Parliament on the production of legislation by the
				Government. The analysis is likely to do this by the way it provides
				a structured account of what sort of provision is likely to attract
				political attention or criticism in Parliament. It indicates
				categories of provision for which the Government will need a clear
				justification.
			</para>
			<para xml:id="ba-9781849467162-0000185">The purpose of the parliamentary scrutiny of
				legislation can only really be identified by identifying which
				aspects of the legislative process Parliament thinks it is most
				necessary to influence and by asking how that influence is most
				effectively exercised. Those who assert the inadequacy of
				parliamentary scrutiny should be seen as just asserting their own
				priorities for influence over those currently adopted by Parliament,
				and they need to be able to justify the changes they propose on that
				basis. Rejecting the myth of parliamentary authorship makes it
				impossible to argue that any decision to prioritise one matter over
				another is necessarily a dereliction of a supposed constitutional
				duty to have regard to every aspect of legislation.</para>
			<para xml:id="ba-9781849467162-0000186">Furthermore, it is both appropriate and inevitable
				that the allocation of priorities should be a political matter.
				Parliament exists principally as the political forum of the nation.
				It is unrealistic to suppose that its priorities could be anything
				but political. Proposals to add to or change what either House does
				by way of parliamentary scrutiny will only be accepted and be
				sustainable if what they are seeking to achieve attracts political
				support.</para>
			<para xml:id="ba-9781849467162-0000187">The politics will be different in the Commons and
				in the Lords, but politics will determine the role each House
				chooses for itself. In the Commons, the factors will be chosen by
				how the MPs can best use their involvement in the legislative
				process to influence the actions of government. They will wish to do
				so in a way that will best discharge their individual mandates and
				the political priorities that induced them, individually, to seek
				election.</para>
			<para xml:id="ba-9781849467162-0000188">
				The basis on which priorities are likely to be selected in the House
				of Lords is more complicated but equally political. The Lords choose
				a role for themselves which gives them influence over legislation in
				relation to matters on which it is politically acceptable to the
				country, and therefore to the House of Commons, for them to exercise
				influence. It seems to be on this basis that one aspect of scrutiny
				in which the House of Lords has taken a particular interest is
				adherence to standards that can be said to be standards of
				constitutional propriety. The House of Lords can also assert a more
				significant role in the technical &#x2018;quality control&#x2019; of
				legislation.
				<footnote xml:id="ba-9781849467162-0000189" label="18">
					<para xml:id="ba-9781849467162-0000190">
						See the
						<emphasis role="italic">Report of the Leader&#x2019;s Group on
							Working Practices</emphasis>
						(n 3) ch 3, particularly paras 70&#x2013;74.
					</para>
				</footnote>
			</para>
			<para xml:id="ba-9781849467162-0000191">Constitutional propriety and technical quality are
				two aspects of legislation to which Parliament can apply a sampling
				technique, but there are several other aspects of legislation that
				could also be looked at in that way. Sometimes they will be
				politically significant and sometimes they will not be. It is
				relatively rarely that the technical form and language of
				legislation will be high up the political priority list.
				Occasionally, however, there will be something that persuades
				Parliament to devote particular attention to those matters.</para>
			<para xml:id="ba-9781849467162-0000192">It was my observation, during my career as a
				legislative drafter, that the technical form and structure of tax
				legislation did indeed achieve political relevance in the 1990s,
				when the volume of tax legislation began to grow very rapidly. This
				resulted in a furore amongst tax professionals about the difficulty
				of keeping up with and understanding a corpus of law that was
				undergoing massive annual change. This political factor in turn led
				to the creation, in 1996, of what subsequently became the Tax Law
				Rewrite project and, as a result, to a transformation of the way in
				which tax law changes, and indeed other legislation, are structured
				and worded.</para>
			<para xml:id="ba-9781849467162-0000193">More often, however, the technical quality of
				legislation is only indirectly of political relevance to Parliament,
				giving Parliament only an indirect, but nevertheless real, influence
				on technical standards. It is rare for someone in Parliament to
				criticise the drafting of a provision if they are strong supporters
				of the policy it is implementing. However, the incentive for the
				drafter to produce technically well-drafted legislation is the risk
				that a lapse in standards will provide a handle for opposing the
				substance of the intended policy change or a distraction from the
				arguments in favour of that change. Neither of these things would be
				welcome to the drafter&#x2019;s client. This incentive is bolstered
				by the risk that a technical lapse might result in the
				Government&#x2019;s intended policy objectives being thwarted in the
				courts. That is a risk that is more remote in time, but may be more
				serious in its likely consequences for the Government&#x2019;s
				intentions.</para>
			<para xml:id="ba-9781849467162-0000194">In the absence of a sufficiently strong political
				demand for higher technical standards for legislation generally, it
				is perhaps necessary to recognise that the influence of Parliament
				on technical standards is likely to be confined to matters that are
				relevant in this indirect way. But it is also important not to
				underestimate the extent of the influence these incidental factors
				have.</para>
			<para xml:id="ba-9781849467162-0000195">In my experience, too, different political
				conditions result in different political priorities at different
				times when it comes to the parliamentary scrutiny of legislation. My
				observations are that technical and procedural issues, and other
				points of detail, are likely to acquire rather more political
				significance when government dominance of the House of Commons is
				less firm or relies on alliances between different party groupings.
				This was the case in the late 1970s and again in the 2010&#x2013;15
				Parliament. Governments that have to build alliances to achieve
				political majorities for their legislation are more vulnerable than
				those with large majorities to the argument that &#x2018;whatever
				you think of the substance of this proposal, you cannot like the way
				it is being implemented&#x2019;.</para>
			<para xml:id="ba-9781849467162-0000196">
				This sort of criticism can be applied either to technical drafting
				issues or, more generally, to the processes adopted by the
				Government in preparing legislation. Some of the
				&#x2018;constitutional standards&#x2019; identified by Jack Simson
				Caird and Dawn Oliver
				<footnote xml:id="ba-9781849467162-0000197" label="19">
					<para xml:id="ba-9781849467162-0000198">See ch 4 below.</para>
				</footnote>
				based on reports of the Lords Constitution Committee and the
				standards proposed by the House of Commons Select Committee on
				Parliamentary and Constitutional Reform
				<footnote xml:id="ba-9781849467162-0000199" label="20">
					<para xml:id="ba-9781849467162-0000200">
						See Political and Constitutional Reform Committee,
						<emphasis role="italic">Ensuring Standards in the Quality of
							Legislation</emphasis>
						(HC 2013&#x2013;14, 85).
					</para>
				</footnote>
				are applied to those processes. Similar standards were also
				suggested by the Better Government Initiative.
				<footnote xml:id="ba-9781849467162-0000201" label="21">
					<para xml:id="ba-9781849467162-0000202">
						Better Government Initiative,
						<emphasis role="italic">Good Government: Reforming Parliament and
							Government</emphasis>
						(2010) ch 4,
						<link
							xlink:href="http://www.bettergovernmentinitiative.co.uk/wp-content/uploads/2013/06/Good-government-17-October.pdf">
							<uri>www.bettergovernmentinitiative.co.uk/wp-content/uploads/2013/06/Good-government-17-October.pdf
							</uri>
						</link>
						.
					</para>
				</footnote>
			</para>
			<para xml:id="ba-9781849467162-0000203">It is my position, of course, that Parliament is
				constitutionally entitled to choose to call the Government to
				account on any aspect at all of the way in which it carries out any
				governmental functions, including the preparation of legislation.
				However, I am sceptical about the logic of any form of scrutiny that
				is too reliant on the assumption that the better the process, the
				better the decision that results from it. This is similar to a point
				I make in a different context above. In the case of legislation,
				Parliament is provided with the output of the Government&#x2019;s
				process of preparation in the form of a Bill. It seems to me that it
				is an example of obtuseness to assert that, in carrying out the
				scrutiny of a Bill, the process for its preparation should be a
				priority for scrutiny ahead of the product that comes out of that
				process, viz the Bill itself. If you cannot judge the product except
				by reference to the process by which it was produced, how can you
				know that bad process produces bad products&#x003F; And if you have
				the opportunity to judge the product directly, why would you not
				make that your priority&#x003F;</para>
			<para xml:id="ba-9781849467162-0000204">I am sure that there are things for government to
				learn about how it prepares Bills from a retrospective examination
				of a period over which a number of pieces of legislation were
				prepared. It is certainly a function of Parliament to encourage
				government to learn those lessons, and holding the executive to
				account is how it does that. What I think is worth questioning is
				whether preconceived assumptions should be made about what those
				lessons are and then applied as the basis for the scrutiny of
				subsequent, individual pieces of legislation. For the reasons given
				above, the way that, in practice, a government is most often and
				most effectively influenced to adapt its method of producing
				legislation is by the way in which Parliament scrutinises both the
				substance of the legislation itself and the political impact of its
				enactment. If learning lessons from the past is the objective, a
				process of post-legislative scrutiny is perhaps the best way to find
				general lessons for the future. It is difficult to see what other
				purpose it can serve.</para>
			<para xml:id="ba-9781849467162-0000205">Understandably, it is the policy impact of
				legislation that is the most frequent preoccupation for the
				political scrutiny of legislation. It is worth pointing out that
				there are two levels at which the policy of a piece of legislation
				is intended to work and that each may be the subject of
				parliamentary scrutiny. The two levels derive from the two levels of
				analysis that are required for producing a piece of legislation.
			</para>
			<para xml:id="ba-9781849467162-0000206">The first stage of policy analysis is to identify
				the ultimate, practical objective of the policy and to determine
				exactly what practical changes are needed in the real world to
				achieve that objective. The assumption is usually that a particular
				real-world change is needed to produce a desired practical
				improvement in society. If things are to be made better, it is
				essential for those who are trying to make them better to know what
				they think &#x2018;better&#x2019; would be. Parliament may want to
				scrutinise both the desirability of the proposed practical objective
				and the assumption that the practical changes that are designed to
				bring it about would actually do so. There is also then the question
				whether, even if they did, they would have counterbalancing adverse
				effects.</para>
			<para xml:id="ba-9781849467162-0000207">The second stage of formulating the policy for a
				piece of legislation is to identify how (if at all) the existing law
				is an obstacle to the production of the real-world changes that
				would, in turn, produce the desired &#x2018;better&#x2019;
				situation. So the law may be an obstacle to the real-world change
				either in the sense of imposing legal inhibitions on conduct that is
				needed to produce that change or in the sense of failing
				sufficiently to incentivise it. This analysis of the legal
				&#x2018;mischief&#x2019; is also something that Parliament, in
				exercising its scrutiny function, may wish to test and challenge.
				Has the mischief been correctly identified&#x003F;</para>
			<para xml:id="ba-9781849467162-0000208">However, the second stage of analysis does not end
				with the identification of the mischief. It is then necessary to
				work out what change to the legal status quo would be best for
				removing the mischief. That process produces the legal policy that
				is to be implemented in legislation. This creates another potential
				focus for scrutiny. Would the removal of the mischief that has been
				identified, and the proposed method of removing it, have the desired
				effect in the outside world and achieve the ultimate policy
				objective&#x003F; Would the proposed method of removing the mischief
				have any adverse or unacceptably risky effects, either in the long
				term or the short term&#x003F;</para>
			<para xml:id="ba-9781849467162-0000209">A discussion of the incidental policy and legal
				consequences of legislation suggests that there is also perhaps
				another way in which legislation can be scrutinised, particularly in
				the context of its long-term effects. An alternative approach would
				not look so closely at the intended effect, but would look, instead,
				at the overall effect of the change as a simple system change, and
				would assess objectively how desirable that is likely to be, and to
				do so independently of its immediate policy objective. This involves
				again questioning whether its beneficial effects will outweigh any
				adverse effects or other risks implicit in its enactment. This
				approach would be more consistent with what I have described as the
				myth of legislation as an impartial system change, but it is a
				method that may still be useful. It is often assumed that the
				correct way to assess legislation is against the standard of its
				intended effect. Nevertheless, given the inherent unpredictability
				of all change, an equally valid test, for post-legislative scrutiny
				at least, may be a cost-benefit analysis of the overall impact of
				the legislation, irrespective of its intended effect, as against the
				likely outcomes had there been no legislation.</para>
			<para xml:id="ba-9781849467162-0000210">It seems to me that, over my career, succeeding
				Parliaments tended, when scrutinising legislation, to put different
				emphases on different aspects of the questions to which the analysis
				of the policy gives rise. My impression was that there was a general
				trend towards taking more interest in the higher level of practical
				policy analysis and less in the legal policy. I am tempted to think
				that this was triggered by what I perceived as a reduction in the
				number of practising lawyers involved in the parliamentary scrutiny
				of legislation. However, I suspect that it is probably just as much
				a question of my own changing perspective as of the changing
				political context and variations over the years in the composition
				of either House. It is certainly the case, so far as my perspective
				is concerned, that I was more often concerned with technical and
				legal matters as a junior drafter. As a senior drafter, I was more
				frequently involved in legislation that was more controversial from
				a political or policy point of view.</para>
			<para xml:id="ba-9781849467162-0000211">Whatever the truth of that, I think, anyone
				considering the effectiveness of parliamentary scrutiny or how it
				can be improved needs to be aware of the different aspects of the
				policy that are always going to be available for analysis. The
				emphasis will change from Parliament to Parliament, as the political
				context determines the priorities, but it will also change from Bill
				to Bill, and it seems to me that Parliament needs to be willing to
				change its methods of scrutiny according to the factors that
				politics demands should be given the most attention on a particular
				occasion.</para>
			<para xml:id="ba-9781849467162-0000212">
				Parliament adopts various methods for scrutinising legislation.
				There is the core legislative procedure with the set-piece debates
				on the whole Bill and other stages at which the Bill may be amended.
				There are also committees which look at particular aspects of a
				Bill, such as the Joint Committee on Human Rights, the Delegated
				Powers and Regulatory Reform Committee and the Lords Constitution
				Committee,
				<footnote xml:id="ba-9781849467162-0000213" label="22">
					<para xml:id="ba-9781849467162-0000214">
						See, eg, M Hunt, &#x2018;The Joint Committee on Human
						Rights&#x2019; and
						<bibliolist xml:id="ba-9781849467162-0000215" role="inline">
							<bibliomixed xml:id="ba-9781849467162-0000216" role="contribution">
								<bibliomset relation="part">
									<author>
										<personname role="first-last">
											<firstname role="initials">A</firstname>
											<surname>Le Sueur</surname>
										</personname>
									</author>
									and
									<author>
										<personname role="first-last">
											<firstname role="initials">J</firstname>
											<surname>Simson Caird</surname>
										</personname>
									</author>
									, &#x2018;
									<title>The House of Lords Select Committee on the Constitution
									</title>
									&#x2019;
								</bibliomset>
								in
								<bibliomset relation="book">
									<editor>
										<personname role="first-last">
											<firstname role="initials">A</firstname>
											<surname>Horne</surname>
										</personname>
									</editor>
									,
									<editor>
										<personname role="first-last">
											<firstname role="initials">G</firstname>
											<surname>Drewry</surname>
										</personname>
									</editor>
									and
									<editor>
										<personname role="first-last">
											<firstname role="initials">D</firstname>
											<surname>Oliver</surname>
										</personname>
									</editor>
									(eds),
									<title>
										<emphasis role="italic">Parliament and the Law</emphasis>
									</title>
									(
									<address>
										<city>Oxford</city>
									</address>
									,
									<publishername>Hart Publishing</publishername>
									,
									<pubdate>2013</pubdate>
									)
								</bibliomset>
							</bibliomixed>
						</bibliolist>
						.
					</para>
				</footnote>
				and sometimes the relevant departmental select committee. There are
				also established procedures for pre-legislative and post-legislative
				scrutiny.
				<footnote xml:id="ba-9781849467162-0000217" label="23">
					<para xml:id="ba-9781849467162-0000218">See ch 3 below.</para>
				</footnote>
			</para>
			<para xml:id="ba-9781849467162-0000219">Some of these seem to be directed at different
				aspects of what parliamentary scrutiny may be for. Some, perhaps the
				set-piece debates and the more intensive sampling done by the
				specialist committees, may be seen as relevant to doing what is
				necessary to legitimise a political proposal as a rule for everyone.
				Some, such as pre-legislative scrutiny and the evidence sessions in
				Public Bill Committee, may be directed at scrutinising different
				aspects of the policy analysis. Committee and Report stages may
				concentrate on these and other aspects of the Bill, but they also
				provide an opportunity for random sampling of the technical detail
				and of the premises on which the legal policy is built.</para>
			<para xml:id="ba-9781849467162-0000220">It seems to me that no one should seek to determine
				whether any of these different mechanisms are effective as a means
				of scrutiny, or whether scrutiny would be improved by modifying
				them, without considering which of the possible objectives of
				scrutiny they might best serve.</para>
		</section>
		<section xml:id="ba-9781849467162-0000221" role="sec8">
			<info xml:id="ba-9781849467162-0000222">
				<title xml:id="ba-9781849467162-0000223">VIII. Conclusions</title>
			</info>
			<para xml:id="ba-9781849467162-0000224">I have discussed various objectives for the
				parliamentary scrutiny of legislation on the basis that, in
				practice, it is the Government not Parliament that is legislating.
				My premise is that it is the Government&#x2019;s responsibility to
				ensure the quality of legislation and Parliament&#x2019;s function
				to call it to account for fulfilling that duty.</para>
			<para xml:id="ba-9781849467162-0000225">That function is a political function and can and
				will be discharged only by the adoption of political priorities.
				These will be different for different times, for different Bills and
				as between the two different Houses. The two Houses cannot be
				expected to be exhaustively responsible for every aspect of
				legislation. Their role is that of critic, not author. There is a
				role for sampling. Parliamentary scrutiny is a way for Parliament to
				influence decision-making in government. It is for the members of
				both Houses to decide where they wish to exercise influence over
				that decision-making and how to make that influence most effective.
				The role of Parliament cannot be decided on any other basis.</para>
			<para xml:id="ba-9781849467162-0000226">Also, it needs to be recognised that the form of
				parliamentary scrutiny needs to be effective for turning proposals
				that are politically controversial into rules that are generally
				acceptable and can be impartially applied. The technical quality of
				legislation, and the quality of the policy and legal analysis on
				which legislation is constructed are relevant to this function, but
				they are not the only things that are relevant to securing that it
				is effectively carried out.</para>
			<para xml:id="ba-9781849467162-0000227">The processes used for parliamentary scrutiny need
				to be assessed and, if necessary, reformed according to the
				different aspects of scrutiny that they need to serve and also
				according to the political priorities for those different aspects of
				scrutiny.</para>
			<para xml:id="ba-9781849467162-0000228">If there is a respect in which legislation is seen
				to fall short of what is best and parliamentary scrutiny is not
				producing any improvement, then it is likely to be because that
				aspect of legislation lacks sufficient political importance. It is
				essential that the political importance of a desired improvement in
				quality is established before attempts are made to change the
				process to produce that improvement.</para>
		</section>
	</chapter>
</part>