<?xml version="1.0" encoding="utf-8"?>
<?oxygen SCHSchema="docbook.sch"?>
<?oxygen RNGSchema="bloomsbury-mods.rnc" type="compact"?>
<book xmlns="http://docbook.org/ns/docbook" version="5.0"
	xmlns:xlink="http://www.w3.org/1999/xlink" xml:lang="en" xml:id="b-9781849467162"
	role="fullText">
	<info xml:id="ba-9781849467162-0000001">
		<title xml:id="ba-9781849467162-0000002">Parliament</title>
		<pagenums>1</pagenums>
		<mediaobject xml:id="ba-9781849467162-0000003">
			<imageobject xml:id="ba-9781849467162-0000004">
				<imagedata fileref="pdfs/9781849467162.ch-000.pdf" format="application/pdf" />
			</imageobject>
		</mediaobject>
		<abstract role="blurb" xml:id="ba-9781849467162-0000005">
			<para xml:id="ba-9781849467162-0000006">This collection of essays by leading academics,
				lawyers, parliamentarians and parliamentary officials provides a
				critical assessment of the UK Parliament&#x2019;s two main
				constitutional roles&#x2014;as a legislature and as the preeminent
				institution for calling government to account. Both functions are
				undergoing change and facing new challenges. Part 1 (Legislation)
				includes chapters on Parliament&#x2019;s emerging responsibilities
				for pre-legislative scrutiny of government Bills and for evaluating
				proposed legislation against explicit constitutional standards. The
				impact on legislation of the European Union and the growing
				influence of the House of Lords are also examined. Part 2
				(Accountability) investigates how Parliament operates to scrutinise
				areas of executive action previously often shielded from effective
				parliamentary oversight, including national security, war-making
				powers and administrative justice. There are also chapters on
				parliamentary reform, including analysis of the House of Commons
				&#x2018;Wright reforms&#x2019;, parliamentary sovereignty, privilege
				and the European Convention on Human Rights, Euroscepticism, and
				parliamentary sovereignty and the regulation of lobbyists.</para>
			<para xml:id="ba-9781849467162-0000007">The book will be of interest to anyone who is
				curious about the work of Parliament and is aimed at legal
				academics, practitioners and political scientists.</para>
			<para xml:id="ba-9781849467162-0000008" role="center">
				<emphasis role="bold">Volume 5 in the series Hart Studies in
					Constitutional Law</emphasis>
			</para>
		</abstract>
		<biblioset role="isbns" xml:id="ba-9781849467162-0000009">
			<biblioid class="isbn" role="hardback">978-1-84966-497-4</biblioid>
			<biblioid class="isbn" role="paperback">978-1-84966-617-6</biblioid>
			<biblioid class="isbn" role="epub">978-1-84966-625-1</biblioid>
			<biblioid class="isbn" role="epdf">978-1-84966-626-8</biblioid>
			<biblioid class="isbn" role="xml">978-1-84946-716-2</biblioid>
		</biblioset>
		<biblioid class="doi">10.5040/9781849467162</biblioid>
		<biblioid class="other" otherclass="hasOnlineResources">N</biblioid>
		<biblioid class="other" otherclass="schemaVersion">1</biblioid>
		<biblioid class="other" otherclass="schematronVersion">4</biblioid>
		<edition role="1">First edition</edition>
		<pubdate role="published">2016</pubdate>
		<biblioset role="series" xml:id="ba-9781849467162-0000010">
			<printhistory xml:id="ba-9781849467162-0000012">
				<para xml:id="ba-9781849467162-0000013">
					<emphasis role="bold">Volume 1</emphasis>
					The House of Lords 1911&#x2013;2011: A Century of Non-Reform
				</para>
				<para xml:id="ba-9781849467162-1000013">
					<emphasis role="italic">Chris Ballinger</emphasis>
				</para>
				<para xml:id="ba-9781849467162-0000014">
					<emphasis role="bold">Volume 2</emphasis>
					Parliament and the Law
				</para>
				<para xml:id="ba-9781849467162-0000015">
					<emphasis role="italic">Edited by Alexander Horne, Gavin Drewry and
						Dawn Oliver</emphasis>
				</para>
				<para xml:id="ba-9781849467162-0000016">
					<emphasis role="bold">Volume 3</emphasis>
					Law in Politics, Politics in Law
				</para>
				<para xml:id="ba-9781849467162-0000017">
					<emphasis role="italic">Edited by David Feldman</emphasis>
				</para>
				<para xml:id="ba-9781849467162-0000018">
					<emphasis role="bold">Volume 4</emphasis>
					Parliamentary Sovereignty in the UK Constitution
				</para>
				<para xml:id="ba-9781849467162-0000019">
					<emphasis role="italic">Michael Gordon</emphasis>
				</para>
			</printhistory>
		</biblioset>
		<biblioset xml:id="ba-9781849467162-0000020">
			<title xml:id="ba-9781849467162-0000021">Parliament</title>
			<subtitle xml:id="ba-9781849467162-0000022">Legislation and Accountability</subtitle>
			<para xml:id="ba-9781849467162-0000023">Edited by</para>
			<authorgroup>
				<editor xlink:href="C11898" xlink:role="biblioAuID">
					<personname role="first-last">
						<firstname>Alexander</firstname>
						<surname>Horne</surname>
					</personname>
				</editor>
				<editor xlink:href="C11898" xlink:role="biblioAuID">
					<personname role="first-last">
						<firstname>Andrew</firstname>
						<surname>Le Sueur</surname>
					</personname>
				</editor>
			</authorgroup>
			<mediaobject xml:id="ba-9781849467162-0000024">
				<imageobject xml:id="ba-9781849467162-0000025">
					<imagedata fileref="images/.0001.png" outputformat="web"
						format="image/png" />
				</imageobject>
				<caption xml:id="ba-9781849467162-0000026">
					<para xml:id="ba-9781849467162-0000027">OXFORD AND PORTLAND, OREGON</para>
					<para xml:id="ba-9781849467162-0000028">2016</para>
				</caption>
			</mediaobject>
		</biblioset>

		<biblioset role="publisher" xml:id="ba-9781849467162-0000029">
			<bibliomisc role="imprint">Hart Publishing</bibliomisc>
			<phrase>An imprint of</phrase>
			<publisher>
				<publishername>Bloomsbury Publishing plc</publishername>
			</publisher>
			<publisher>
				<publishername>Hart Publishing Ltd</publishername>
				<address xml:id="ba-9781849467162-0000030">
					<street>16C Worcester Place</street>
					,
					<city>Oxford</city>
					,
					<postcode>OX1 2JW</postcode>
					<country>UK</country>
				</address>
			</publisher>
			<publisher>
				<publishername>Bloomsbury Publishing Plc</publishername>
				<address xml:id="ba-9781849467162-0000031">
					<street>50 Bedford Square</street>
					<city>London</city>
					,
					<postcode>WC1B 3DP</postcode>
					<country>UK</country>
				</address>
				<address xml:id="ba-9781849467162-0000032">
					<emphasis role="bold">
						<link xlink:href="http://www.hartpub.co.uk">
							<uri>www.hartpub.co.uk</uri>
						</link>
					</emphasis>
				</address>
				<address xml:id="ba-9781849467162-0000033">
					<emphasis role="bold">
						<link xlink:href="http://www.bloomsbury.com">
							<uri>www.bloomsbury.com</uri>
						</link>
					</emphasis>
				</address>
			</publisher>
			<phrase>Published in North America (US and Canada) by</phrase>
			<publisher>
				<publishername>Hart Publishing c/o International Specialized Book
					Services</publishername>
				<address xml:id="b-9781849467162-0000034">
					<street>920 NE 58th Avenue, Suite 300</street>
					<city>Portland</city>
					,
					<state>OR</state>
					<postcode>97213-3786</postcode>
					<country>USA</country>
				</address>
				<address xml:id="b-9781849467162-0000035">
					<link xlink:href="http://www.isbs.com">
						<uri>www.isbs.com</uri>
					</link>
				</address>
			</publisher>
		</biblioset>
		<printhistory xml:id="ba-9781849467162-0000036">
			<para xml:id="ba-9781849467162-0000037" role="center">
				<emphasis role="bold">HART PUBLISHING, the Hart/Stag logo,
					BLOOMSBURY and the Diana logo are trademarks of Bloomsbury
					Publishing Plc</emphasis>
			</para>
			<para xml:id="ba-9781849467162-0000038" role="center">First published
				2016</para>
		</printhistory>
		<copyright>
			<year>2016</year>
			<holder>&#x00A9; The editors</holder>
			<holder>The editors have asserted their right under the Copyright,
				Designs and Patents Act 1988 to be identified as Authors of this
				work.</holder>
			<holder>All rights reserved. No part of this publication may be
				reproduced or transmitted in any form or by any means, electronic or
				mechanical, including photocopying, recording, or any information
				storage or retrieval system, without prior permission in writing
				from the publishers.</holder>
			<holder>While every care has been taken to ensure the accuracy of
				this work, no responsibility for loss or damage occasioned to any
				person acting or refraining from action as a result of any statement
				in it can be accepted by the authors, editors or publishers.
			</holder>
			<holder>
				All UK Government legislation and other public sector information
				used in the work is Crown Copyright &#x00A9;. All House of Lords and
				House of Commons information used in the work is Parliamentary
				Copyright &#x00A9;. This information is reused under the terms of
				the Open Government Licence v3.0 (
				<link
					xlink:href="http://www.nationalarchives.gov.uk/doc/open-government-licence/version/3">
					<uri>http://www.nationalarchives.gov.uk/doc/open-government-licence/version/3
					</uri>
				</link>
				) excepted where otherwise stated.
			</holder>
			<holder>
				All Eur-lex materials used in the work is &#x00A9; European Union,
				<br />
				<link xlink:href="http://eur-lex.europa.eu/">
					<uri>http://eur-lex.europa.eu/</uri>
				</link>
				, 1998-2015.
			</holder>
			<holder>
				<emphasis role="bold">British Library Cataloguing-in-Publication
					Data</emphasis>
			</holder>
			<holder>A catalogue record for this book is available from the
				British Library.</holder>
			<holder>ISBN: HB: 9781849467162</holder>
			<holder>ePDF: 9781509906451</holder>
			<holder>ePub: 9781509906444</holder>
			<holder>
				<emphasis role="bold">Library of Congress
					Cataloging-in-Publication Data</emphasis>
			</holder>
			<holder>Series: Hart Studies in Constitutional Law, volume 5</holder>
			<holder>Typeset by Compuscript Ltd, Shannon</holder>
			<holder>Printed and bound in Great Britain by</holder>
		</copyright>
	</info>
	<part xml:id="ba-9781849467162-0000039" role="front">
		<info xml:id="ba-9781849467162-0000040">
			<title xml:id="ba-9781849467162-0000041">Front matter</title>
		</info>
		<preface role="prelims" xml:id="b-9781849467162-0000042">
			<info xml:id="ba-9781849467162-0000043">
				<title xml:id="ba-9781849467162-0000044">Title Pages</title>
				<pagenums>v</pagenums>
				<mediaobject xml:id="ba-9781849467162-0000045">
					<imageobject xml:id="ba-9781849467162-0000046">
						<imagedata fileref="pdfs/9781849467162.0002.pdf" format="application/pdf" />
					</imageobject>
				</mediaobject>
			</info>
		</preface>
		<chapter label="1" xml:id="ba-9781849467162-chapter1">
			<info xml:id="ba-9781849467162-0000032">
				<title xml:id="ba-9781849467162-0000033">Introduction</title>
				<pagenums>1</pagenums>
				<biblioid class="doi">10.5040/9781849467162.ch-001</biblioid>
				<mediaobject xml:id="ba-9781849467162-0000034">
					<imageobject xml:id="ba-9781849467162-0000035">
						<imagedata fileref="pdfs/9781849467162.ch-001.pdf"
							format="application/pdf" />
					</imageobject>
				</mediaobject>
				<authorgroup>
					<author xlink:href="C11898" xlink:role="biblioAuID">
						<personname role="first-last">
							<firstname>Alexander</firstname>
							<surname>Horne</surname>
						</personname>
					</author>
					<author xlink:href="C11898" xlink:role="biblioAuID">
						<personname role="first-last">
							<firstname>Andrew</firstname>
							<surname>Le Sueur</surname>
						</personname>
					</author>
				</authorgroup>
			</info>
			<epigraph xml:id="ba-9781849467162-0000036">
				<para xml:id="ba-9781849467162-0000037">
					And so let us beginne, and, as the Fabrick takes its Shape in front
					of you, always keep the Structure intirely in Mind as you inscribe
					it. (Peter Ackroyd,
					<emphasis role="italic">Hawksmoor</emphasis>
					, 1985)
				</para>
			</epigraph>
			<section xml:id="ba-9781849467162-0000038" role="sec1">
				<info xml:id="ba-9781849467162-0000039">
					<title xml:id="ba-9781849467162-0000040">I. The Scope and Purpose of the Book</title>
				</info>
				<para xml:id="ba-9781849467162-0000041">
					This book presents a baker&#x2019;s dozen of essays about the UK
					Parliament&#x2019;s two principal and overlapping
					responsibilities&#x2014;enacting legislation and holding the
					executive to account. The contributors are &#x2018;insiders&#x2019;
					and &#x2018;outsiders&#x2019;. The insiders&#x2014;a former First
					Parliamentary Counsel,
					<footnote xml:id="ba-9781849467162-0000042" label="1">
						<para xml:id="ba-9781849467162-0000043">The Office of the Parliamentary Counsel is
							responsible for drafting all Government Bills.</para>
					</footnote>
					officials from the House of Commons Library,
					<footnote xml:id="ba-9781849467162-0000044" label="2">
						<para xml:id="ba-9781849467162-0000045">The House of Commons Library provides impartial
							information and research services for Members of Parliament and
							their staff in support of their parliamentary duties.</para>
					</footnote>
					parliamentary lawyers and a member of the House of
					Lords&#x2014;draw on deep and broad professional experience to
					provide fine-grained explanation and analysis of the dynamics of
					Parliament&#x2019;s work.
					<footnote xml:id="ba-9781849467162-0000046" label="3">
						<para xml:id="ba-9781849467162-0000047">All write in a personal capacity; their views do
							not necessarily reflect any &#x2018;official&#x2019; view in
							either House.</para>
					</footnote>
					The outsiders are academics, who look at Parliament from the
					disciplines of law, public administration and government.
					<footnote xml:id="ba-9781849467162-0000048" label="4">
						<para xml:id="ba-9781849467162-0000049">Lord Norton counts twice as both a
							parliamentarian and an academic.</para>
					</footnote>
				</para>
				<para xml:id="ba-9781849467162-0000050">The authors were not confined by any particular
					straitjacket of method or approach. Some chapters include
					historical surveys of the subjects they tackle; others concentrate
					on developments during the 2010&#x2013;15 Parliament; some are
					primarily forward-looking and examine what could or should happen
					in the future. Several chapters use case study methods to focus
					intensively on particular episodes and seek out generalisations
					from them. Contributions were finalised during September 2015 (and
					we have sought to ensure that material is up to date to that
					point). Tantalisingly, an array of further important and
					interesting developments was at that date starting to unfold after
					the May 2015 General Election&#x2014;including proposals for
					&#x2018;English Votes for English Laws&#x2019; (EVEL), the
					operationalisation of the Conservatives&#x2019; manifesto pledge to
					&#x2018;scrap the Human Rights Act&#x2019; and enact a British Bill
					of Rights, further devolution of powers to Scotland and Wales, and
					the legal framework for the in/out referendum on continued
					membership of the European Union.</para>
				<para xml:id="ba-9781849467162-0000051">
					This collection of essays follows on from an earlier book in Hart
					Publishing&#x2019;s Studies in Constitutional Law series by
					Alexander Horne, Gavin Drewry and Dawn Oliver (eds),
					<emphasis role="italic">Parliament and the Law</emphasis>
					(2013). Whereas that book considered how the law applies to
					Parliament, this book examines the effectiveness of Parliament in
					the law-making process and its scrutiny of government. Both
					functions are undergoing significant change as Parliament faces new
					challenges. The book does not set out to provide a comprehensive
					textbook-style account of Parliament&#x2019;s work. For readers
					wanting a more systematic approach, we recommend Michael
					Zander&#x2019;s
					<emphasis role="italic">The Law-Making Process</emphasis>
					(7th edn, Hart Publishing, 2015), Robert Rogers and Rhodri
					Walters&#x2019;
					<emphasis role="italic">How Parliament Works</emphasis>
					(7th edn, Routledge, 2015) and Philip Norton&#x2019;s
					<emphasis role="italic">Parliament in British Politics</emphasis>
					(2nd edn, Palgrave Macmillan, 2013) as useful starting points. And
					for readers interested in delegated legislation, the Hansard
					Society published an important piece of research in December 2014:
					Ruth Fox and Joel Blackwell,
					<emphasis role="italic">The Devil is in the Detail: Parliament and
						Delegated Legislation</emphasis>
					(Hansard Society, 2014).
				</para>
				<para xml:id="ba-9781849467162-0000052">Looking across the 13 chapters as a whole, two
					broad clusters of research questions recur.</para>
				<para xml:id="ba-9781849467162-0000053">First, against what measures should the
					effectiveness of Parliament be measured&#x003F; As Stephen Laws
					puts it in Chapter 2: &#x2018;How can you tell whether Parliament
					is doing a good job at scrutinising legislation&#x003F; What would
					constitute a good job&#x003F;&#x2019; Some chapters are imbued with
					realism about Parliament&#x2019;s constitutional purpose. Only if
					it is understood that government (not Parliament) is the author of
					legislation and policy, with Parliament having a secondary role as
					critic, can a true-to-life assessment of Parliament&#x2019;s
					strengths and weaknesses be made. As several chapters discuss, the
					critic&#x2019;s role is of fundamental constitutional value in
					providing political legitimacy for government-led law-making and
					action. Better&#x2014;though not necessarily more
					extensive&#x2014;use of pre-legislative scrutiny (Jessica Mulley
					and Helen Kinghorne in Chapter 3), more consistent and structured
					use of constitutional standards in scrutinising legislation (Jack
					Simson Caird and Dawn Oliver in Chapter 4), the House of
					Lords&#x2019; engagement &#x2018;in the politics of justification
					rather than, as is possible in the Commons, the politics of
					assertion&#x2019; (Philip Norton in Chapter 6) and greater
					parliamentary involvement in treaty-making (Arabella Lang in
					Chapter 11) are all offered as contributions to the legitimising
					role that Parliament can fulfil as it debates and scrutinises often
					highly partisan government proposals and acts.</para>
				<para xml:id="ba-9781849467162-0000054">A second type of research question is about how
					Parliament&#x2019;s effectiveness in its roles could be improved.
					Almost all chapters either assess previous reforms or advocate new
					ones, or both.</para>
				<para xml:id="ba-9781849467162-0000055">The book is divided into two parts, reflecting its
					title&#x2014;Part 1 on legislation and Part 2 on accountability.
					But it will immediately become apparent to readers that
					improvements to the legislative process discussed in Part 1 are
					often designed to enhance accountability; while some of the issues
					dealt with in Part 2, could have an impact on the legislative
					process. These matters are necessarily intertwined.</para>
			</section>
			<section xml:id="ba-9781849467162-0000056" role="sec2">
				<info xml:id="ba-9781849467162-0000057">
					<title xml:id="ba-9781849467162-0000058">II. Overview of Part 1: Legislation</title>
				</info>
				<para xml:id="ba-9781849467162-0000059">
					The advice set out at the start of the chapter, taken from Peter
					Ackroyd&#x2019;s novel
					<emphasis role="italic">Hawksmoor</emphasis>
					, is aimed at the architect, but it might well apply equally to
					those who produce legislation. As GC Thornton argued, the drafter
					is an architect, an expert, a specialist&#x2014;and well he or she
					needs to be. The complexity of the modern legislative process can
					be demonstrated by the fact that the Cabinet Office&#x2019;s
					recently updated
					<emphasis role="italic">Guide to Making Legislation</emphasis>
					(July 2015) now exceeds 300 pages. It includes detailed information
					on a whole variety of issues, such as: delegated powers; devolved
					powers; compatibility with the European Convention on Human Rights;
					impact assessments and explanatory notes. Continuing the analogy,
					if the drafter is the architect and the Government is the client,
					providing the policy to be turned into law, what does that make the
					modern backbench parliamentarian&#x003F; Perhaps a surveyor,
					looking for faults and defects in the fabric of the legislation: a
					scrutineer as much as a law-maker (or, as Laws puts in
					<link role="xref" linkend="2" ch="1">Chapter 2</link>
					, Parliament&#x2019;s role &#x2018;is that of critic not
					author&#x2019;)&#x003F;
				</para>
				<para xml:id="ba-9781849467162-0000060">
					The Government has itself acknowledged, through its good law
					initiative,
					<footnote xml:id="ba-9781849467162-0000061" label="5">
						<para xml:id="ba-9781849467162-0000062">
							<link xlink:href="http://www.gov.uk/guidance/good-law">
								<uri>www.gov.uk/guidance/good-law</uri>
							</link>
							.
						</para>
					</footnote>
					that people find legislation difficult to find and understand.
					Reform has the potential to engage people in the democratic process
					and also to improve the quality of legislation. Parliament has a
					role to play and reforms can be seen&#x2014;from the introduction
					of pre and post-legislative scrutiny committees, the pilot
					&#x2018;public reading&#x2019; of Bills (designed to give members
					of the public the opportunity to provide their views on Bills
					before they are made into law) and even more limited reforms, such
					as the useful &#x2018;track changes&#x2019; versions of Bills
					available on the UK Parliament website (which show the effect of
					any amendments made at Committee Stage in the text of the Bill).
				</para>
				<section xml:id="ba-9781849467162-0000063" role="sec2a">
					<info xml:id="ba-9781849467162-0000064">
						<title xml:id="ba-9781849467162-0000065">A. Chapter 2: What is the Parliamentary
							Scrutiny of Legislation for&#x003F;</title>
					</info>
					<para xml:id="ba-9781849467162-0000066">
						Part 1 of the book commences with a searching examination by a
						former first Parliamentary Counsel of the purpose of parliamentary
						scrutiny. Laws considers the assumptions that are made and that
						should be questioned by anyone who is proposing to look into the
						value and efficacy of the parliamentary scrutiny of legislation.
						He asks: &#x2018;How can you tell whether Parliament is doing a
						good job at scrutinising legislation&#x003F; What would constitute
						a good job&#x003F; What, even, in this context do we mean by
						Parliament&#x003F;&#x2019; His premise is that, in practice,
						&#x2018;it is the Government not Parliament that is
						legislating&#x2019;. He challenges what he regards as a
						&#x2018;distorting&#x2019; myth that &#x2018;the political
						leadership, when it comes to legislation belongs to Parliament,
						rather than to the Government&#x2019; and rejects the notion of
						&#x2018;Parliament as the steward of a settled constitutional
						system&#x2019;. He argues that it is misleading &#x2018;to assert
						that Parliament has a special role as guardian of the framework or
						parameters of the system, and so has functions that are
						independent of the responsibility of the Government for how the
						system is operated in practice&#x2019;. He also rejects as
						misleading the idea that &#x2018;the Government governs with laws
						made by Parliament: that legislation is actually the principal
						tool by which the Government governs the country&#x2019;;
						legislation, he argues, &#x2018;is often no more than an
						incidental aspect of policy implementation&#x2019;. Rather,
						Parliament&#x2019;s principal function &#x2018;is to provide
						political legitimacy for the implementation of what usually begins
						as a partisan proposal&#x2019;. These factors compel the
						conclusion that it must be for each House to define its own role
						in the scrutiny of legislation. As &#x2018;critics rather than
						authors&#x2019; of legislation, the two Houses should be
						&#x2018;selective about how they carry out their function of
						legislative scrutiny&#x2019;. Laws advocates adopting a sampling
						process, which is &#x2018;an accepted and effective form of
						quality control in other areas&#x2019;; this might include
						focusing on &#x2018;constitutional propriety&#x2019;
						<footnote xml:id="ba-9781849467162-0000067" label="6">
							<para xml:id="ba-9781849467162-0000068">See Simson Caird and Oliver in ch 4.</para>
						</footnote>
						and &#x2018;technical quality&#x2019;. In relation to scrutiny of
						policy, Laws calls for greater awareness &#x2018;of the different
						aspects of the policy that are always going to be available for
						analysis&#x2019;, arguing that the emphasis will change from
						Parliament to Parliament, from Bill to Bill, so &#x2018;Parliament
						needs to be willing to change its methods of scrutiny according to
						the factors that politics demands should be given the most
						attention on a particular occasion&#x2019;.
					</para>
				</section>
				<section xml:id="ba-9781849467162-0000069" role="sec2b">
					<info xml:id="ba-9781849467162-0000070">
						<title xml:id="ba-9781849467162-0000071">B. Chapter 3: Pre-legislative Scrutiny</title>
					</info>
					<para xml:id="ba-9781849467162-0000072">
						Mulley and Kinghorn look at pre-legislative scrutiny
						(PLS)&#x2014;the &#x2018;occasional, additional stage of
						parliamentary scrutiny of government proposals for primary
						legislation&#x2019;. They note that the &#x2018;near-universal
						consensus of the late 1990s that PLS would be a good thing has
						been largely unchallenged since and lent some credence by
						experience&#x2019; over the past 20 years. They suggest that the
						&#x2018;pattern of Bills selected for PLS often bemuses&#x2019;
						and highlight the recommendation in 2013 by the Political and
						Constitutional Reform Committee (not accepted by the Government of
						the day) that government should be required to publish reasons for
						not producing a particular Bill in draft for pre-legislative
						scrutiny. They consider the pros and cons of different types of
						committee for undertaking PLS&#x2014;House of Commons departmental
						select committees, other established specialist committees, ad hoc
						committees from one House, and joint ad hoc committees with
						membership drawn from the Commons and the Lords. One distinctive
						feature of the PLS process, they note, is that officials from bill
						teams attend committee meetings on a &#x2018;speak if spoken
						to&#x2019; basis to deal with queries as they arise. The chapter
						demonstrates how &#x2018;prior and concurrent activity within and
						without the executive&#x2019; can shape every aspects of a
						committee&#x2019;s PLS scrutiny, as in the case of the draft
						Modern Slavery Bill. It also examines how PLS committees are
						staffed, including from the House of Commons Scrutiny Unit and
						outside specialist advisers. The authors identify success stories
						where PLS worked well, but also highlight instances in which it
						had less impact (which may occur where Bills are too large in
						scale, are &#x2018;portmanteau&#x2019; Bills covering several
						distinct topics, where the government&#x2019;s policy or the
						drafting is not sufficiently developed and where there is
						insufficient time for the committee to complete its work). Echoing
						insights by Laws in
						<link role="xref" linkend="2" ch="1">Chapter 2</link>
						, Mulley and Kinghorn argue that the &#x2018;role of PLS in
						building political legitimacy around a set of legislative
						proposals should not be underestimated&#x2019;, but they also
						argue that PLS holds out the &#x2018;potential, not always
						exploited in practice, for parliamentarians to influence the
						scope, direction and emphasis of legislation far more
						fundamentally than is usually achievable through
						Parliament&#x2019;s more long-standing law-making
						processes&#x2019;.
					</para>
				</section>
				<section xml:id="ba-9781849467162-0000073" role="sec2c">
					<info xml:id="ba-9781849467162-0000074">
						<title xml:id="ba-9781849467162-0000075">Chapter 4: Parliament&#x2019;s Constitutional
							Standards</title>
					</info>
					<para xml:id="ba-9781849467162-0000076">
						Simson Caird and Oliver make a case for &#x2018;substantive
						parliamentary constitutional standards&#x2019; being used during
						the legislative process. They advocate the use of a code of the
						<emphasis role="italic">general</emphasis>
						constitutional principles that emerge from reports on
						<emphasis role="italic">particular</emphasis>
						Bills by the Joint Committee on Human Rights, the Delegated Powers
						and Regulatory Reform Committee (DPPRC) and the House of Lords
						Constitution Committee.
						<footnote xml:id="ba-9781849467162-0000077" label="7">
							<para xml:id="ba-9781849467162-0000078">
								Which they have already produced: see
								<bibliolist xml:id="ba-9781849467162-0000079" role="inline">
									<bibliomixed xml:id="ba-9781849467162-0000080"
										role="monograph">
										<author>
											<personname role="first-last">
												<firstname role="initials">J</firstname>
												<surname>Simson Caird</surname>
											</personname>
										</author>
										,
										<author>
											<personname role="first-last">
												<firstname role="initials">R</firstname>
												<surname>Hazell</surname>
											</personname>
										</author>
										and
										<author>
											<personname role="first-last">
												<firstname role="initials">D</firstname>
												<surname>Oliver</surname>
											</personname>
										</author>
										,
										<title>
											<emphasis role="italic">The Constitutional Standards of the
												House of Lords Select Committee on the Constitution
											</emphasis>
										</title>
										<edition>2nd edn</edition>
										(
										<address>
											<city>London</city>
										</address>
										,
										<publishername>UCL Constitution Unit</publishername>
										,
										<pubdate>2015</pubdate>
										)
									</bibliomixed>
								</bibliolist>
								.
							</para>
						</footnote>
						They acknowledge that not everybody agrees that scrutiny based on
						constitutional principles is an unmitigated good and should be
						heightened&#x2014;political constitutionalists may see such a
						development as undermining &#x2018;effective and responsible
						government&#x2019; and some take the view that &#x2018;the elected
						government must be able to gets its legislative business
						through&#x2019;. The authors admire the increasingly effective
						scrutiny of Bills in the House of Lords, which is &#x2018;a
						success story of Parliament in the twenty-first century thus
						far&#x2019; (a point that Lord Norton returns to in Chapter 6),
						which they contrast unfavourably with the House of Commons. They
						concede, however, that: &#x2018;The House of Lords&#x2019; lack of
						democratic legitimacy means that the Lords&#x2019; ability to
						defend constitutional values is limited by their own and
						others&#x2019; recognition of the primacy of the House of
						Commons.&#x2019; After an account of several other calls for
						statements of legislative standards to be adopted, the authors
						turn to their project (with Robert Hazell) of extracting general
						standards from the House of Lords Constitution Committee reports
						and organising them into a code. They note that the Constitution
						Committee &#x2018;frequently refers to its previous reports and
						builds upon earlier analysis of particular norms. Thought of in
						these terms, the Committee&#x2019;s output can be understood as a
						form of &#x201C;legisprudence&#x201D;&#x2019;. Many of the norms,
						they argue, are &#x2018;not inviolable rules&#x2019;, but
						&#x2018;rather they identify legislative choices that demand
						specific forms of justification from government&#x2019;.
						Justification is of particular importance &#x2018;in the context
						of bills that seek to achieve significant constitutional
						change&#x2019;. They conclude by saying that the development and
						use of a code of substantive constitutional principles of the sort
						they advocate &#x2018;will serve to enhance the legitimacy of the
						process of enacting law with constitutional implications by moving
						away from governmental cultures of resistance and authority
						towards compliance with parliamentary requirements for
						justification, legitimacy from which both government and
						Parliament would benefit&#x2019;.
					</para>
				</section>
				<section xml:id="ba-9781849467162-0000081" role="sec2d">
					<info xml:id="ba-9781849467162-0000082">
						<title xml:id="ba-9781849467162-0000083">Chapter 5: European Scrutiny</title>
					</info>
					<para xml:id="ba-9781849467162-0000084">
						Hardy notes at the start of
						<link role="xref" linkend="5" ch="1">Chapter 5</link>
						that despite the evolution of the European Union (from EEC to EC
						to EU), the main characteristics of the scrutiny systems put in
						place in the House of Commons and the House of Lords have remained
						in essence the same&#x2014;&#x2018;a largely documents-based
						approach with a scrutiny reserve preventing ministers from
						agreeing to proposals in the Council (of Ministers)&#x2019;. This,
						he argues, may not last in the face of calls for significant
						reform. He provides a detailed &#x2018;insider&#x2019;s&#x2019;
						account of the work of EU committees in both Houses and analyses
						the strengths and weakness of the processes. The system in each
						House is different: the Commons has one select committee to
						scrutinise all EU documents, whereas the Lords has a total of
						seven select committees that focus only on sifted documents.
					</para>
					<para xml:id="ba-9781849467162-0000085">A strength of the Common&#x2019;s scrutiny system
						is, Hardy argues, its breadth. He notes that in the 2010&#x2013;15
						Parliament, the number of the debates on the floor of the House on
						European documents increased considerably. This was a consequence
						of two factors: the committee became more active in recommending
						debates and &#x2018;new procedures for debates on reasoned
						opinions and opt-in decisions meant more documents were debated on
						the floor of the House, despite the Government&#x2019;s refusal to
						list all of them for debate&#x2019;. Breadth of remit, however,
						also brings with it a weakness in that few of the documents can be
						scrutinised in depth. Finding ways to &#x2018;mainstream&#x2019;
						scrutiny of EU proposals in the work of other Commons committees
						has unfortunately been elusive. Hardy&#x2019;s experience supports
						the conclusion that &#x2018;European Committees are composed of
						MPs who rarely participate because they have little or no
						expertise in the subject matter to be able scrutinise the
						Government&#x2019;s policy, and are unfamiliar with the
						procedures&#x2019;. The strength of the Lords&#x2019; scrutiny
						system is its size: sub-committees &#x2018;are able to build up
						expertise&#x2019; and, like the Select Committee, are relatively
						well-staffed. This enables engagement with a wider community of
						stakeholders. The sifting process frees up time for sub-committees
						to conduct inquires in addition to the weekly scrutiny of
						documents, with the resulting reports now accompanied by
						sophisticated media campaigns. Hardy concludes by questioning the
						&#x2018;received wisdom &#x2026; that the systems of scrutiny in
						either House complement each other well: the Commons does breadth,
						the Lords does depth&#x2019;.</para>
				</section>
				<section xml:id="ba-9781849467162-0000086" role="sec2e">
					<info xml:id="ba-9781849467162-0000087">
						<title xml:id="ba-9781849467162-0000088">Chapter 6: Legislative Scrutiny in the House
							of Lords</title>
					</info>
					<para xml:id="ba-9781849467162-0000089">
						Lord Norton&#x2019;s chapter offers a rich analysis of the
						dynamics of legislative scrutiny in the House of Lords. Norton
						argues that &#x2018;procedures may be seen as necessary but not
						sufficient for the House to affect significantly the content of
						legislation&#x2019;; the &#x2018;dual aspect of composition (the
						political and the individual) provide the sufficient
						conditions&#x2019;. He provides a detailed analysis of how
						procedures differ in the Lords and Commons in relation to both
						Bills and secondary legislation, and in respect of
						post-legislative scrutiny. His conclusion is: &#x2018;There are
						greater opportunities for members [in the Lords] to participate,
						primarily in Committee, yet it is not just the process that is
						particular to the House, but also those who participate.&#x2019;
						Turning to the composition of the House, Norton contends that
						there are two dimensions: &#x2018;the political and the
						individual&#x2019;. In relation to the political dimension, the
						exclusion of over 500 hereditary peers by the House of Lords Act
						1999 &#x2018;effectively transformed the House into a House
						predominantly of life peers and one in which no one party held a
						majority&#x2019;, with the effect that &#x2018;whichever party is
						in office, it cannot carry a vote relying solely on its own party
						members in the House&#x2019;. Echoing one of the themes explored
						by Simson Caird and Oliver in
						<link role="xref" linkend="4" ch="1">Chapter 4</link>
						, Norton shows how, in the Lords, the Government has to
						&#x2018;engage in the politics of justification rather than, as is
						possible in the Commons, the politics of assertion&#x2019;. In
						relation to the individual dimension, he notes that while the
						Lords is one of the busiest legislative chambers in the world,
						&#x2018;unlike the Commons, membership is not seen as a full-time
						occupation&#x2019;, so it may be described as a House of
						&#x2018;experience and expertise&#x2019;. The composition of the
						House, he argues, &#x2018;creates an environment conducive to
						constructive engagement and consensus&#x2019;. Turning to impact,
						he says that the Lords &#x2018;is important both in terms of its
						unseen and its seen impact&#x2019;. In conclusion, he identifies
						&#x2018;pressure to strengthen further the means of
						scrutiny&#x2019;&#x2014;in particular, enhancing how the House
						deals with secondary legislation and introducing evidence-taking
						committees to scrutinise Bills that start in the Lords.
					</para>
				</section>
			</section>
			<section xml:id="ba-9781849467162-0000090" role="sec3">
				<info xml:id="ba-9781849467162-0000091">
					<title xml:id="ba-9781849467162-0000092">III. Overview of Part 2: Accountability</title>
				</info>
				<para xml:id="ba-9781849467162-0000093">
					The general concept and practice of government accountability to
					Parliament has been the widely debated in recent years in
					Parliament and in academic circles. A particularly valuable
					academic contribution is by Nicholas Bamforth and Peter Leyland
					(eds),
					<emphasis role="italic">Accountability in the Contemporary
						Constitution</emphasis>
					(Oxford University Press, 2013).
				</para>
				<para xml:id="ba-9781849467162-0000094">
					Part 2 of this book contains chapters whose main focus is on
					Parliament&#x2019;s role in scrutinising areas of executive action.
					Some of these areas, such as national security
					<footnote xml:id="ba-9781849467162-0000095" label="8">
						<para xml:id="ba-9781849467162-0000096">See Horne and Walker in ch 10.</para>
					</footnote>
					and international treaty-making,
					<footnote xml:id="ba-9781849467162-0000097" label="9">
						<para xml:id="ba-9781849467162-0000098">See Lang in ch 11.</para>
					</footnote>
					were previously shielded from effective parliamentary oversight;
					others have yet to catch the attention of parliamentarians.
					<footnote xml:id="ba-9781849467162-0000099" label="10">
						<para xml:id="ba-9781849467162-0000100">See Le Sueur on automated decision-making in ch
							9.</para>
					</footnote>
				</para>
				<section xml:id="ba-9781849467162-0000101" role="sec3a">
					<info xml:id="ba-9781849467162-0000102">
						<title xml:id="ba-9781849467162-0000103">A. Chapter 7: Parliamentary Reform and the
							Accountability of Government to the House of Commons</title>
					</info>
					<para xml:id="ba-9781849467162-0000104">
						Richard Kelly and Lucinda Maer&#x2019;s chapter focuses on
						parliamentary reform and the accountability of the Government to
						the House of Commons, and, in particular, the responses to the
						MPs&#x2019; expenses crisis of 2009 and the recommendations of the
						Wright Committee that sought to empower backbenchers. They analyse
						the operation of the new Backbench Business Committee to schedule
						non-ministerial business and the election of select committee
						chairs by the whole House. Despite a commitment in the 2010
						Coalition Agreement, a House Business Committee was not
						established due to the lack of consensus about its feasibility and
						scope. Also on the modernisation agenda were ways of achieving
						better public involvement, including an e-petition procedure and a
						public reading stage of Bills. The authors conclude by saying
						that: &#x2018;The Wright reforms themselves may not have
						<emphasis role="italic">directly</emphasis>
						increased accountability, but they empowered backbenchers to
						better hold the government to account and provided a new framework
						for parliamentarians and the public to have access to the
						parliamentary agenda.&#x2019;
					</para>
				</section>
				<section xml:id="ba-9781849467162-0000105" role="sec3b">
					<info xml:id="ba-9781849467162-0000106">
						<title xml:id="ba-9781849467162-0000107">B. Chapter 8: The Regulation of Lobbyists
						</title>
					</info>
					<para xml:id="ba-9781849467162-0000108">
						Back in 2010, when he was still the Leader of the Opposition,
						David Cameron warned that lobbying was the &#x2018;next big
						scandal waiting to happen&#x2019;. At the outset of
						<link role="xref" linkend="8" ch="1">Chapter 8</link>
						, Oonagh Gay notes that receiving payment for
						lobbying&#x2014;seeking to influence decisions made by public
						office holders or officials&#x2014;and being lobbied has been the
						subject of some regulation for 30 years in Parliament. As she
						explains, the &#x2018;concern is that parliamentarians who act as
						lobbyists offer some form of privileged access to governmental or
						legislative processes&#x2019;. During the 2010&#x2013;15
						Parliament, several Members in both Houses found themselves the
						subject of sting operations by investigative journalists; some
						were subsequently exonerated, while others were found guilty of a
						breach of parliamentary rules. Against this background,
						Gay&#x2019;s chapter provides a detailed analysis of the codes and
						rules adopted in each House and examines the scope and
						implementation of Part 1 of the Transparency of Lobbying,
						Non-Party Campaigning and Trade Union Administration Act 2014,
						which came into force in April 2015, which regulates the activity
						of multi-client lobby firms.
					</para>
				</section>
				<section xml:id="ba-9781849467162-0000109" role="sec3c">
					<info xml:id="ba-9781849467162-0000110">
						<title xml:id="ba-9781849467162-0000111">C. Chapter 9: Robot Government: Automated
							Decision-Making and its Implications for Parliament</title>
					</info>
					<para xml:id="ba-9781849467162-0000112">
						In
						<link role="xref" linkend="9" ch="1">Chapter 9</link>
						, Andrew Le Sueur calls for Parliament to take seriously the
						implications of administrative automated decision-making by
						government, a type of decision-making that looks certain to
						increase as government becomes &#x2018;digital by default&#x2019;
						and technologies become more sophisticated. Apart from section 2
						of the Social Security Act 1998 on &#x2018;Use of
						computers&#x2019;, neither the statute book nor parliamentarians
						have systematically addressed the constitutional implications of
						automation in the public sector. Le Sueur asks and seeks to start
						a debate about the answers to six basic questions: (1) Can
						automation enhance compliance with the rule of law&#x003F; (2)
						Will automation lead to a shift from administrative discretion and
						professional judgment by officials to rule-bound
						decision-making&#x003F; (3) What is the legal basis for automated
						decision-making&#x003F; (4) Does automation involved delegation of
						executive power to a computer&#x003F; (5) Should there be a right
						to object to decisions being taken by automated means, like there
						is in the private sector under section 12 of the Data Protection
						Act 1998&#x003F; (6) Should there be no-go areas for
						automation&#x003F;
					</para>
					<para xml:id="ba-9781849467162-0000113">Le Sueur argues that these and other issues
						related to automation call out for a select committee inquiry,
						either by the House of Commons Public Administration and
						Constitutional Affairs Committee or the House of Lords
						Constitution Committee. A useful outcome of an inquiry along these
						lines could be political impetus for the development of standards,
						either in the form of a good practice guide (for designers and
						operators of automated systems, as has been adopted in Australia)
						or a statutory framework, or both. Further, he suggests,
						Parliament should be considering automation issues when examining
						Bills and secondary legislation&#x2014;and he provides a framework
						for doing so. More broadly, he discusses how Parliament could
						learn from the new styles of thinking emerging from the Cabinet
						Office&#x2019;s Government Digital Service unit (&#x2018;service
						patterns&#x2019;, &#x2018;user focus&#x2019; and &#x2018;breaking
						down silos&#x2019;) in developing its roles in the legislative and
						accountability processes. Finally, the chapter confronts the most
						basic of questions&#x2014;what do we mean by &#x2018;the
						law&#x2019;: &#x2018;So here is a radical proposal: we should
						treat &#x201C;the app&#x201D; (the computer programmes that will
						produce individual decisions) as &#x201C;the law&#x201D;.&#x2019;
					</para>
				</section>
				<section xml:id="ba-9781849467162-0000114" role="sec3d">
					<info xml:id="ba-9781849467162-0000115">
						<title xml:id="ba-9781849467162-0000116">D. Chapter 10: Parliament and National
							Security</title>
					</info>
					<para xml:id="ba-9781849467162-0000117">
						In
						<link role="xref" linkend="10" ch="1">Chapter 10</link>
						, Alexander Horne and Clive Walker explore Parliament&#x2019;s
						responsibility for holding the Government to account on national
						security matters. There is, the authors explain, a long history of
						Parliament and its select committees taking an interest in both
						military matters and national security, which they trace from the
						immediate aftermath of the Glorious Revolution (in relation to
						military matters) and the last quarter of the nineteenth century
						(in respect of counter-terrorism). Accountability practices are
						diffuse and the authors focus on three case studies from the
						2010&#x2013;15 Parliament: (1) whether a new convention has been
						established that Parliament needs to be consulted when the
						Government wants to deploy armed forces; (2) the Intelligence and
						Security Committee set up by the Justice and Security Act 2013;
						and (3) parliamentary scrutiny of counter-terrorism legislation.
						Drawing out generalisations in relation to counter-terrorism
						legislation, the authors suggest that &#x2018;affirmation is more
						often given to &#x201C;process legitimacy&#x201D; rather than to
						&#x201C;output legitimacy&#x201D;&#x2019;; on the whole,
						Parliament&#x2019;s work &#x2018;cannot be claimed to have
						produced frequent or substantive alterations to government
						stances&#x2019;. In relation to the new war powers convention
						(which has become an issue of pressing contemporary concern due to
						the Syrian crisis) and the reformed arrangements for supervision
						of the intelligence and security services, there is evidence of a
						commitment to further openness.
					</para>
				</section>
				<section xml:id="ba-9781849467162-0000118" role="sec3e">
					<info xml:id="ba-9781849467162-0000119">
						<title xml:id="ba-9781849467162-0000120">E. Chapter 11: Parliament and International
							Treaties</title>
					</info>
					<para xml:id="ba-9781849467162-0000121">Arabella Lang considers the new powers conferred
						on Parliament under Part 2 of the Constitutional Reform and
						Governance Act 2010. The new role &#x2018;looks muscular&#x2019;
						(Parliament may indefinitely delay the ratification of a treaty by
						government), yet neither House has passed a motion objection to a
						ratification, there have been few debates on treaties, there is a
						question mark over whether the Government&#x2019;s limited duties
						can be enforced, and the Act &#x2018;does nothing new to help
						Parliament actually scrutinise treaties effectively&#x2019;. Lang
						argues that it is hard to see how much difference the 2010 Act has
						made in practice. She explains and assesses a range of possible
						further reforms: there are international precedents for giving
						Parliament a greater role in the ratification process; there would
						be mechanisms for enabling a greater number of debates and votes;
						the 21-day sitting period specified in the 2010 Act could be
						extended; the arrangements could additionally be widened to cover
						currently excluded treaties and &#x2018;treaty-like
						documents&#x2019;; new institutional mechanisms could be
						established, such as a select committee on treaties; and
						opportunities for parliamentary scrutiny could be brought in to
						the earlier stage of negotiation of treaties.</para>
				</section>
				<section xml:id="ba-9781849467162-0000122" role="sec3f">
					<info xml:id="ba-9781849467162-0000123">
						<title xml:id="ba-9781849467162-0000124">
							F.
							<link role="xref" linkend="12" ch="1">Chapter 12</link>
							on Sovereignty, Privilege and the European Convention on Human
							Rights
						</title>
					</info>
					<para xml:id="ba-9781849467162-0000125">Alexander Horne and H&#x00E9;l&#x00E8;ne
						Tyrrell&#x2019;s chapter examines the impact of the European
						Convention on Human Rights (ECHR) on parliamentary sovereignty and
						privilege. They point out that the disquiet about the influence of
						the Strasbourg Court is not matched by the statistical record:
						relative to the number of applications made, the number of
						judgments against the UK is small. But few issues better highlight
						the tensions between Parliament&#x2019;s sovereignty over the
						domestic legal order and the international obligations under the
						ECHR than the saga surrounding the (dis)enfranchisement of
						prisoners, which they explore in detail.</para>
					<para xml:id="ba-9781849467162-0000126">Moving on to parliamentary privilege, the ECHR
						can also have a potential impact on the internal operations of
						Parliament. The authors discuss how, unlike the domestic courts,
						the Strasbourg Court is not constrained by parliamentary privilege
						and the prohibition on questioning or impeaching parliamentary
						proceedings under Article 9 of the Bill of Rights 1688. They flag
						up the possibility that the absolute immunity granted by Article 9
						in defamation cases may come to be regarded as disproportionate
						and consider the reach of Article 6(1) ECHR over parliamentary
						disciplinary proceedings and any sanctions imposed.</para>
				</section>
				<section xml:id="ba-9781849467162-0000127" role="sec3g">
					<info xml:id="ba-9781849467162-0000128">
						<title xml:id="ba-9781849467162-0000129">G. Chapter 13: Euroscepticism and
							Parliamentary Sovereignty</title>
					</info>
					<para xml:id="ba-9781849467162-0000130">
						In the final chapter, Gavin Drewry engages with the impact of the
						UK&#x2019;s membership of the EU on parliamentary sovereignty,
						reaching back to the litigation sagas of the Spanish
						trawler-owners (
						<emphasis role="italic">Factortame</emphasis>
						) and the metric martyrs (
						<emphasis role="italic">Thoburn</emphasis>
						) to shed light on the underlying political dynamics of the
						Eurosceptic cause. Moving closer to the present day, he looks at
						Mostyn J&#x2019;s judgment in
						<emphasis role="italic">R (AB) v Secretary of State for the Home
							Department</emphasis>
						&#x2014;in
						<footnote xml:id="ba-9781849467162-0000131" label="11">
							<para xml:id="ba-9781849467162-0000132">
								<bibliolist xml:id="ba-9781849467162-0000133" role="inline">
									<bibliomixed xml:id="ba-9781849467162-0000134"
										role="case">
										<title>
											<emphasis role="italic">R (AB) v Secretary of State for the
												Home Department</emphasis>
										</title>
										[
										<pubdate>2013</pubdate>
										]
										<bibliomisc role="legalRef">EWHC 3453 (Admin)</bibliomisc>
									</bibliomixed>
								</bibliolist>
								.
							</para>
						</footnote>
						which a claimant had sought to assert a right (to the protection
						of personal data) not available under the Human Rights Act 1998,
						but contained in the EU Charter of Fundamental Rights&#x2014;and
						the subsequent political response. More recent still, he ends by
						considering the implications of the UK Supreme Court&#x2019;s
						judgment in
						<emphasis role="italic">HS2</emphasis>
						(about the intended use of the parliamentary hybrid bill procedure
						as the statutory basis for authorising the successive stages of
						the proposed &#x2018;HS2&#x2019; high-speed rail network).
						<footnote xml:id="ba-9781849467162-0000135" label="12">
							<para xml:id="ba-9781849467162-0000136">
								<bibliolist xml:id="ba-9781849467162-0000137" role="inline">
									<bibliomixed xml:id="ba-9781849467162-0000138"
										role="case">
										<title>
											<emphasis role="italic">R (HS2 Action Alliance Ltd) v
												Secretary of State for Transport</emphasis>
										</title>
										[
										<pubdate>2014</pubdate>
										]
										<bibliomisc role="legalRef">UKSC 3, [2014] 1 WLR 324
										</bibliomisc>
									</bibliomixed>
								</bibliolist>
								.
							</para>
						</footnote>
					</para>
				</section>
			</section>
		</chapter>
	</part>
</book>