<?xml version="1.0" encoding="UTF-8" standalone="no"?><employees xmlns="http://www.htc.set26.org/emp" xmlns:xsi="http://www.w3.org/2001/XMLSchema-instance" xsi:schemaLocation="http://www.htc.set26.org/emp emp.xsd">

	<emp empid="e121">
		<empname>Ravi</empname>
		<job>Programmer</job>
		<salary>5000.0</salary>
		<contactno>
			<mobile>9874465444</mobile>
			<landline>04456789977</landline>
		</contactno>
	
	</emp>
		<emp empid="e102">
		<empname>Kishore</empname>
		<job>Programmer</job>
		<salary>6000.0</salary>
		<contactno>
			<mobile>9875678884</mobile>
		</contactno>
	</emp>
	<emp empid="e123">
		<empname>Gopi</empname>
		<job>Trainer</job>
		<salary>20000.00</salary>
		<contactno>
			<mobile>7845781446</mobile>
			<landline>24762718</landline>
		</contactno>
	</emp>
</employees>