<?xml version="1.0" encoding="utf-8"?>
<templates id="template" xml:space="preserve">
    <t t-extend="Login">
		<t t-jquery="div[class=oe_login_logo]" t-operation="replace">
			<div class="oe_login_logo"><img src='/shopping/static/src/img/icon.png' width="80px" height="80px"/></div>
		</t>
        <t t-jquery="div[class=oe_login_footer]" t-operation="replace">
            <div class="oe_login_footer">
                <a href="http://www.htcinc.com" target="_blank">HTC Global Services</a>
            </div>
        </t>	
    </t>
</templates>