id,name,model_id/id,group_id/id,perm_read,perm_write,perm_create,perm_unlink
customer_user,"Customer User",model_shopping_customer,group_shopping_user,1,0,0,0
customer_manager,"Customer Manager",model_shopping_customer,group_shopping_manager,1,1,1,1
product_user,"Product User",model_shopping_product,group_shopping_user,1,0,0,0
product_manager,"Product manager",model_shopping_product,group_shopping_manager,1,1,1,1
supplier_user,"Supplier User",model_shopping_supplier,group_shopping_user,1,0,0,0
supplier_manager,"Supplier Manager",model_shopping_supplier,group_shopping_manager,1,1,1,1
category_user,"Category User",model_shopping_category,group_shopping_user,1,0,0,0
category_manager,"Category Manager",model_shopping_category,group_shopping_manager,1,1,1,1
order_user,"Order User",model_shopping_order,group_shopping_user,1,1,1,1
order_manager,"Order Manager",model_shopping_order,group_shopping_manager,1,1,1,1
orderline_user,"Orderline User",model_shopping_order_item,group_shopping_user,1,1,1,1
orderline_manager,"Orderline manager",model_shopping_order_item,group_shopping_manager,1,1,1,1