<?xml version="1.0" ?>
<openerp>
    <data>
		<!-- Create a new Application category -->
        <record model="ir.module.category" id="module_shopping_category">
            <field name="name">Shopping</field>
            <field name="description">Shopping cart Application</field>
            <field name="sequence">16</field>
        </record>	
        <record id="group_shopping_user" model="res.groups">
            <field name="name">User</field>
            <field name="category_id" ref="module_shopping_category"/>
			<field name="users" eval="[(4, ref('base.user_root'))]"/> 
			 <!-- Add all users in the openerp to this group-->
        </record>
        <record id="group_shopping_manager" model="res.groups">
            <field name="name">Manager</field>													
            <field name="implied_ids" eval="[(4, ref('group_shopping_user'))]"/>				
			<!--All the rights of 'group_shopping_user' is also available to manager group-->	
            <field name="category_id" ref="module_shopping_category"/>
        </record>
    </data>
	<!-- Record Rules -->
	<!--
	<data>
		<record id="shopping_order_view_user_rule"  model="ir.rule">
			<field name="name">User View Order Rule</field>
			<field name="model_id" ref="model_shopping_order"/>
	        <field name="groups" eval="[(4, ref('group_shopping_user'))]"/>
			 <field name="domain_force">[('customername','=',user.id)]</field>
		</record>
		<record id="shopping_order_view_manager_rule"  model="ir.rule">
			<field name="name">Manager View Order Rule</field>
			<field name="model_id" ref="model_shopping_order"/>
	        <field name="groups" eval="[(4, ref('group_shopping_manager'))]"/>
			 <field name="domain_force">[(1,'=',1)]</field>
		</record>
	</data>
-->	
</openerp>
