<?xml version="1.0" encoding="UTF-8"?>
<openerp>
	<data>
	<record id="library_books_action" model="ir.actions.act_window">
			<field name="name">books</field>
			<field name="res_model">library.books</field>
			<field name="view_type">form</field>
			<field name="view_mode">tree,form</field>
		</record>
		<record id="library_books_tree_view" model="ir.ui.view">
			<field name="name">books</field>
			<field name="model">library.books</field>
			<field name="arch" type="xml">
				<tree string="books">
					<field name="bookID"/>
					<field name="title"/>
					<field name="book_category"/>
					<field name="copies"/>
					<field name="author_ID"/>
					<field name="publisher_ID"/>
					<field name="edition"/>
					<field name="published_year"/>
					<field name="price"/>
					<field name="rack_no"/>
				</tree>
			</field>
		</record>
	<record id="library_books_form_view" model="ir.ui.view">
			<field name="name">books</field>
			<field name="model">library.books</field>
			<field name="arch" type="xml">
				<form string="books" version="7.0">
					<header>
					</header>
					<sheet>
						<h2> Add a new books</h2>
						<group>
							<field name="bookID"/>
							<field name="title"/>
							<field name="book_category"/>
							<field name="copies"/>
							<field name="author_ID"/>
							<field name="publisher_ID"/>
							<field name="edition"/>
							<field name="published_year"/>
							<field name="price"/>
							<field name="rack_no"/>
						</group>
					</sheet>
				</form>
			</field>
		</record>
		<!--
		<record model="ir.ui.view" id="library_books_graph_view">
   <field name="name">library.books.line.graph</field>
   <field name="model">library.books.line</field>
   <field name="type">graph</field>
   <field name="arch" type="xml">
         <graph string="library books Lines">
              <field name="bookID" group="True"/>
              <field name="price" operator="*"/>
        </graph>
    </field>
</record>
		-->
		
		<record id="library_authors_action" model="ir.actions.act_window">
			<field name="name">authors</field>
			<field name="res_model">library.authors</field>
			<field name="view_type">form</field>
			<field name="view_mode">tree,form</field>
			<field name="help" type="html">
				<p class="oe_view_nocontent_create">Click here to create new author</p>
			</field>
		</record>
		<record id="library_authors_tree_view" model="ir.ui.view">
			<field name="name">authors Tree</field>
			<field name="model">library.authors</field>
			<field name="arch" type="xml">
				<tree string="authors">
					<field name="authorID"/>
					<field name="author_name"/>
				</tree>
			</field>
		</record>
		
		<record id="library_authors_form_view" model="ir.ui.view">
			<field name="name">Authors form</field>
			<field name="model">library.authors</field>
			<field name="arch" type="xml">
				<form string="authors" version="7.0">
					<header>
					</header>
					<sheet>
						<h2> Add a new Author</h2>
						<group>
							<field name="authorID"/>
							<field name="author_name"/>
						</group>
					</sheet>
				</form>
			</field>
		</record>
		
		
		<menuitem id="library_menu_root" name="Library"/>
		<menuitem id="library_menu" name="Library" parent="library_menu_root"/>
		<menuitem id="library_Books_menu" name="Books" parent="library_menu" action="library_books_action"/>
		<menuitem id="library_Authors_menu" name="Authors" parent="library_menu" action="library_authors_action"/>
	<!--
		

		<record id="library_authors_action" model="ir.actions.act_window">
			<field name="name">authors</field>
			<field name="res_model">library.authors</field>
			<field name="view_type">form</field>
			<field name="view_mode">tree,form</field>
			<field name="help" type="html">
				<p class="oe_view_nocontent_create">Click here to create new author</p>
			</field>
		</record>
		
		<record id="library_publishers_action" model="ir.actions.act_window">
			<field name="name">publishers</field>
			<field name="res_model">library.publishers</field>
			<field name="view_type">form</field>
			<field name="view_mode">tree,form</field>
			<field name="help" type="html">
				<p class="oe_view_nocontent_create">Click here to create new publisher</p>
			</field>
		</record>

        <record id="library_transactions_action" model="ir.actions.act_window">
            <field name="name">transactions</field>
            <field name="res_model">library.transactions</field>
            <field name="view_type">form</field>
            <field name="view_mode">tree,form</field>
            <field name="help" type="html">
                <p class="oe_view_nocontent_create">Click here to create a new transaction</p>
            </field>
        </record>

		
		
		<record id="library_publishers_tree_view" model="ir.ui.view">
			<field name="name">publishers</field>
			<field name="model">library.publishers</field>
			<field name="arch" type="xml">
				<tree string="publishers">
					<field name="publisherID"/>
					<field name="publisher_name"/>
					<field name="publisher_address"/>
				</tree>
			</field>
		</record>

		<record id="library_authors_tree_view" model="ir.ui.view">
			<field name="name">authors Tree</field>
			<field name="model">library.authors</field>
			<field name="arch" type="xml">
				<tree string="authors">
					<field name="authorID"/>
					<field name="author_name"/>
				</tree>
			</field>
		</record>
        <record id="library_transaction_tree_view" model="ir.ui.view">
            <field name="name">transaction Tree</field>
            <field name="model">library.transactionS</field>
            <field name="arch" type="xml">
                <tree string="transactions">
                    <field name="bookID"/>
                    <field name="memberID"/>
                    <field name="issueDate"/>
                    <field name="dueDate"/>
                    <field name="returnDate"/>
                </tree>
            </field>
        </record>
		
		<menuitem id="library_Authors_menu" name="Authors" parent="library_menu" action="library_authors_action"/>
		<menuitem id="library_publishers_menu" name="Publishers" parent="library_menu" action="library_publishers_action"/>
		<menuitem id="library_transactions_menu" name="Transactions" parent="library_menu" action="library_transactions_action"/>
		
		-->
	</data>
</openerp>